video_id,split,num_shards,shards,num_frames,min_frame_id,max_frame_id,frame_id_span,expected_transitions,adjacent_transitions,gap_count,backward_jump_count,continuity_ratio,mean_frame_id_gap,median_frame_id_gap,max_frame_id_gap,estimated_duration_seconds,estimated_duration_minutes,spans_multiple_shards,has_frame_id_gap
-Hs-zuBOlQE,train,1,Dataset_Shard_0000000_0099999,539,0,538,539,538,538,0,0,1.0,1.0,1.0,1,539.0,8.983333333333333,False,False
-J04CE5dA74,train,1,Dataset_Shard_0000000_0099999,1382,539,1920,1382,1381,1381,0,0,1.0,1.0,1.0,1,1382.0,23.033333333333335,False,False
-Qoo3Uq5-50,train,1,Dataset_Shard_0000000_0099999,457,1921,2377,457,456,456,0,0,1.0,1.0,1.0,1,457.0,7.616666666666666,False,False
-VAjjH6TTts,test,1,Dataset_Shard_0000000_0099999,1194,2378,3571,1194,1193,1193,0,0,1.0,1.0,1.0,1,1194.0,19.9,False,False
-bqSDAsWptU,train,1,Dataset_Shard_0000000_0099999,537,3572,4108,537,536,536,0,0,1.0,1.0,1.0,1,537.0,8.95,False,False
-jo_cPHYmjg,test,1,Dataset_Shard_0000000_0099999,915,4109,5023,915,914,914,0,0,1.0,1.0,1.0,1,915.0,15.25,False,False
-tqqp2KwCIQ,train,1,Dataset_Shard_0000000_0099999,284,5024,5307,284,283,283,0,0,1.0,1.0,1.0,1,284.0,4.733333333333333,False,False
-wUKLCvobpI,test,1,Dataset_Shard_0000000_0099999,1980,5308,7287,1980,1979,1979,0,0,1.0,1.0,1.0,1,1980.0,33.0,False,False
02MD08BgFZ0,train,1,Dataset_Shard_0000000_0099999,379,7288,7666,379,378,378,0,0,1.0,1.0,1.0,1,379.0,6.316666666666666,False,False
0FxsmwVeriw,train,1,Dataset_Shard_0000000_0099999,1478,7667,9144,1478,1477,1477,0,0,1.0,1.0,1.0,1,1478.0,24.633333333333333,False,False
0NN6ySHCHVA,train,1,Dataset_Shard_0000000_0099999,339,9145,9483,339,338,338,0,0,1.0,1.0,1.0,1,339.0,5.65,False,False
0TJxBDyP9dw,train,1,Dataset_Shard_0000000_0099999,565,9484,10048,565,564,564,0,0,1.0,1.0,1.0,1,565.0,9.416666666666666,False,False
0U2jrFZuBZM,train,1,Dataset_Shard_0000000_0099999,1221,10049,11269,1221,1220,1220,0,0,1.0,1.0,1.0,1,1221.0,20.35,False,False
0ZSqAjagrVo,train,1,Dataset_Shard_0000000_0099999,1307,11270,12576,1307,1306,1306,0,0,1.0,1.0,1.0,1,1307.0,21.783333333333335,False,False
0uLJTnNb2Es,train,1,Dataset_Shard_0000000_0099999,678,12577,13254,678,677,677,0,0,1.0,1.0,1.0,1,678.0,11.3,False,False
0w6Ky8PBYSQ,train,1,Dataset_Shard_0000000_0099999,467,13255,13721,467,466,466,0,0,1.0,1.0,1.0,1,467.0,7.783333333333333,False,False
0xr9UkXgp2E,val,1,Dataset_Shard_0000000_0099999,650,13722,14371,650,649,649,0,0,1.0,1.0,1.0,1,650.0,10.833333333333334,False,False
0zLSpoyKV_A,train,1,Dataset_Shard_0000000_0099999,852,14372,15223,852,851,851,0,0,1.0,1.0,1.0,1,852.0,14.2,False,False
10gPc7VqgJk,train,1,Dataset_Shard_0000000_0099999,828,15224,16051,828,827,827,0,0,1.0,1.0,1.0,1,828.0,13.8,False,False
1ER3kxd2RvQ,train,1,Dataset_Shard_0000000_0099999,1340,16052,17391,1340,1339,1339,0,0,1.0,1.0,1.0,1,1340.0,22.333333333333332,False,False
1FhZqPfKWjE,train,1,Dataset_Shard_0000000_0099999,1351,17392,18742,1351,1350,1350,0,0,1.0,1.0,1.0,1,1351.0,22.516666666666666,False,False
1YmFjGfQGnw,train,1,Dataset_Shard_0000000_0099999,342,18743,19084,342,341,341,0,0,1.0,1.0,1.0,1,342.0,5.7,False,False
1cMfYuRTDX4,train,1,Dataset_Shard_0000000_0099999,624,19085,19708,624,623,623,0,0,1.0,1.0,1.0,1,624.0,10.4,False,False
1heJXaiMZBw,train,1,Dataset_Shard_0000000_0099999,786,19709,20494,786,785,785,0,0,1.0,1.0,1.0,1,786.0,13.1,False,False
1hla9mZZWKM,train,1,Dataset_Shard_0000000_0099999,817,20495,21311,817,816,816,0,0,1.0,1.0,1.0,1,817.0,13.616666666666667,False,False
1jkQfyIl7Kg,train,1,Dataset_Shard_0000000_0099999,868,21312,22179,868,867,867,0,0,1.0,1.0,1.0,1,868.0,14.466666666666667,False,False
1kyGOkXUEKI,train,1,Dataset_Shard_0000000_0099999,653,22180,22832,653,652,652,0,0,1.0,1.0,1.0,1,653.0,10.883333333333333,False,False
24jIoFvJ_7o,val,1,Dataset_Shard_0000000_0099999,1271,22833,24103,1271,1270,1270,0,0,1.0,1.0,1.0,1,1271.0,21.183333333333334,False,False
27uEnvzS8O4,train,1,Dataset_Shard_0000000_0099999,584,24104,24687,584,583,583,0,0,1.0,1.0,1.0,1,584.0,9.733333333333333,False,False
2KbVOj8YcRw,train,1,Dataset_Shard_0000000_0099999,1046,24688,25733,1046,1045,1045,0,0,1.0,1.0,1.0,1,1046.0,17.433333333333334,False,False
2RUNdnb2B1w,val,1,Dataset_Shard_0000000_0099999,1437,25734,27170,1437,1436,1436,0,0,1.0,1.0,1.0,1,1437.0,23.95,False,False
2ZnT6CqmPoQ,train,1,Dataset_Shard_0000000_0099999,942,27171,28112,942,941,941,0,0,1.0,1.0,1.0,1,942.0,15.7,False,False
2aDuMKNR8Z0,train,1,Dataset_Shard_0000000_0099999,1008,28113,29120,1008,1007,1007,0,0,1.0,1.0,1.0,1,1008.0,16.8,False,False
2el-ZR4A4D4,train,1,Dataset_Shard_0000000_0099999,398,29121,29518,398,397,397,0,0,1.0,1.0,1.0,1,398.0,6.633333333333334,False,False
3AR1FxFue7c,train,1,Dataset_Shard_0000000_0099999,665,29519,30183,665,664,664,0,0,1.0,1.0,1.0,1,665.0,11.083333333333334,False,False
3Cg8-eoNXdY,train,1,Dataset_Shard_0000000_0099999,642,30184,30825,642,641,641,0,0,1.0,1.0,1.0,1,642.0,10.7,False,False
3HZMLSYtFEM,val,1,Dataset_Shard_0000000_0099999,332,30826,31157,332,331,331,0,0,1.0,1.0,1.0,1,332.0,5.533333333333333,False,False
3PHrXAE7new,val,1,Dataset_Shard_0000000_0099999,1095,31158,32252,1095,1094,1094,0,0,1.0,1.0,1.0,1,1095.0,18.25,False,False
3YwJ5Fzodfk,train,1,Dataset_Shard_0000000_0099999,1782,32253,34034,1782,1781,1781,0,0,1.0,1.0,1.0,1,1782.0,29.7,False,False
3cwtNTYOszU,test,1,Dataset_Shard_0000000_0099999,783,34035,34817,783,782,782,0,0,1.0,1.0,1.0,1,783.0,13.05,False,False
3p5gb_JqO78,train,1,Dataset_Shard_0000000_0099999,242,34818,35059,242,241,241,0,0,1.0,1.0,1.0,1,242.0,4.033333333333333,False,False
3sty8XW-6FU,train,1,Dataset_Shard_0000000_0099999,307,35060,35366,307,306,306,0,0,1.0,1.0,1.0,1,307.0,5.116666666666666,False,False
3xK6shdTeCs,train,1,Dataset_Shard_0000000_0099999,467,35367,35833,467,466,466,0,0,1.0,1.0,1.0,1,467.0,7.783333333333333,False,False
46-qefy8Nwc,test,1,Dataset_Shard_0000000_0099999,372,35834,36205,372,371,371,0,0,1.0,1.0,1.0,1,372.0,6.2,False,False
49dGxeU0X5E,train,1,Dataset_Shard_0000000_0099999,295,36206,36500,295,294,294,0,0,1.0,1.0,1.0,1,295.0,4.916666666666667,False,False
4Djb4L_VGIU,val,1,Dataset_Shard_0000000_0099999,450,36501,36950,450,449,449,0,0,1.0,1.0,1.0,1,450.0,7.5,False,False
4EtAcruEhTI,train,1,Dataset_Shard_0000000_0099999,870,36951,37820,870,869,869,0,0,1.0,1.0,1.0,1,870.0,14.5,False,False
4F1jCw1yzKA,val,1,Dataset_Shard_0000000_0099999,561,37821,38381,561,560,560,0,0,1.0,1.0,1.0,1,561.0,9.35,False,False
4FjwzNlLCdU,train,1,Dataset_Shard_0000000_0099999,1475,38382,39856,1475,1474,1474,0,0,1.0,1.0,1.0,1,1475.0,24.583333333333332,False,False
4KfWaQz2Qxg,train,1,Dataset_Shard_0000000_0099999,882,39857,40738,882,881,881,0,0,1.0,1.0,1.0,1,882.0,14.7,False,False
4OwtoyYoSKY,train,1,Dataset_Shard_0000000_0099999,1075,40739,41813,1075,1074,1074,0,0,1.0,1.0,1.0,1,1075.0,17.916666666666668,False,False
4ZL5KtH01eQ,train,1,Dataset_Shard_0000000_0099999,974,41814,42787,974,973,973,0,0,1.0,1.0,1.0,1,974.0,16.233333333333334,False,False
4bA4M-spkoI,test,1,Dataset_Shard_0000000_0099999,724,42788,43511,724,723,723,0,0,1.0,1.0,1.0,1,724.0,12.066666666666666,False,False
4ciVQzZxNkk,train,1,Dataset_Shard_0000000_0099999,403,43512,43914,403,402,402,0,0,1.0,1.0,1.0,1,403.0,6.716666666666667,False,False
4xuwsEvzX1g,train,1,Dataset_Shard_0000000_0099999,394,43915,44308,394,393,393,0,0,1.0,1.0,1.0,1,394.0,6.566666666666666,False,False
51bXx1vyjBE,train,1,Dataset_Shard_0000000_0099999,1207,44309,45515,1207,1206,1206,0,0,1.0,1.0,1.0,1,1207.0,20.116666666666667,False,False
59_VE9iR-fE,train,1,Dataset_Shard_0000000_0099999,581,45516,46096,581,580,580,0,0,1.0,1.0,1.0,1,581.0,9.683333333333334,False,False
5Cq1OqWFAzw,test,1,Dataset_Shard_0000000_0099999,1020,46097,47116,1020,1019,1019,0,0,1.0,1.0,1.0,1,1020.0,17.0,False,False
5GLtwzZw3tc,train,1,Dataset_Shard_0000000_0099999,1146,47117,48262,1146,1145,1145,0,0,1.0,1.0,1.0,1,1146.0,19.1,False,False
5HzD-gmSlU0,train,1,Dataset_Shard_0000000_0099999,1152,48263,49414,1152,1151,1151,0,0,1.0,1.0,1.0,1,1152.0,19.2,False,False
5ITYjnz12-Y,train,1,Dataset_Shard_0000000_0099999,532,49415,49946,532,531,531,0,0,1.0,1.0,1.0,1,532.0,8.866666666666667,False,False
5USYVhzhMes,train,1,Dataset_Shard_0000000_0099999,1447,49947,51393,1447,1446,1446,0,0,1.0,1.0,1.0,1,1447.0,24.116666666666667,False,False
5oBOMUXaJwc,test,1,Dataset_Shard_0000000_0099999,807,51394,52200,807,806,806,0,0,1.0,1.0,1.0,1,807.0,13.45,False,False
5sNeoy5PKug,train,1,Dataset_Shard_0000000_0099999,1220,52201,53420,1220,1219,1219,0,0,1.0,1.0,1.0,1,1220.0,20.333333333333332,False,False
5smiMjCVrkg,train,1,Dataset_Shard_0000000_0099999,1216,53421,54636,1216,1215,1215,0,0,1.0,1.0,1.0,1,1216.0,20.266666666666666,False,False
6KzSnrEFKlU,train,1,Dataset_Shard_0000000_0099999,593,54637,55229,593,592,592,0,0,1.0,1.0,1.0,1,593.0,9.883333333333333,False,False
6QNI1KTP-uA,train,1,Dataset_Shard_0000000_0099999,2470,55230,57699,2470,2469,2469,0,0,1.0,1.0,1.0,1,2470.0,41.166666666666664,False,False
6QeMNsQww3A,train,1,Dataset_Shard_0000000_0099999,599,57700,58298,599,598,598,0,0,1.0,1.0,1.0,1,599.0,9.983333333333333,False,False
6mmq34Ib8xg,train,1,Dataset_Shard_0000000_0099999,585,58299,58883,585,584,584,0,0,1.0,1.0,1.0,1,585.0,9.75,False,False
6oSMlrVPW8w,train,1,Dataset_Shard_0000000_0099999,1056,58884,59939,1056,1055,1055,0,0,1.0,1.0,1.0,1,1056.0,17.6,False,False
6rdUDJMfJQc,train,1,Dataset_Shard_0000000_0099999,843,59940,60782,843,842,842,0,0,1.0,1.0,1.0,1,843.0,14.05,False,False
6s1nSHVMZwM,train,1,Dataset_Shard_0000000_0099999,678,60783,61460,678,677,677,0,0,1.0,1.0,1.0,1,678.0,11.3,False,False
6ys4etJ1IFg,train,1,Dataset_Shard_0000000_0099999,3462,61461,64922,3462,3461,3461,0,0,1.0,1.0,1.0,1,3462.0,57.7,False,False
77rVIqWlxNU,train,1,Dataset_Shard_0000000_0099999,1408,64923,66330,1408,1407,1407,0,0,1.0,1.0,1.0,1,1408.0,23.466666666666665,False,False
79n77IIyriY,train,1,Dataset_Shard_0000000_0099999,458,66331,66788,458,457,457,0,0,1.0,1.0,1.0,1,458.0,7.633333333333334,False,False
7HV-wL3jJ5U,val,1,Dataset_Shard_0000000_0099999,1203,66789,67991,1203,1202,1202,0,0,1.0,1.0,1.0,1,1203.0,20.05,False,False
7Uke7HVpaeA,train,1,Dataset_Shard_0000000_0099999,951,67992,68942,951,950,950,0,0,1.0,1.0,1.0,1,951.0,15.85,False,False
7ZUOn2pZRls,train,1,Dataset_Shard_0000000_0099999,1462,68943,70404,1462,1461,1461,0,0,1.0,1.0,1.0,1,1462.0,24.366666666666667,False,False
7erD56xKJaM,train,1,Dataset_Shard_0000000_0099999,454,70405,70858,454,453,453,0,0,1.0,1.0,1.0,1,454.0,7.566666666666666,False,False
7nFvvB200qQ,train,1,Dataset_Shard_0000000_0099999,922,70859,71780,922,921,921,0,0,1.0,1.0,1.0,1,922.0,15.366666666666667,False,False
7nYRFn4c0B8,train,1,Dataset_Shard_0000000_0099999,640,71781,72420,640,639,639,0,0,1.0,1.0,1.0,1,640.0,10.666666666666666,False,False
7tf2BC4mC8s,train,1,Dataset_Shard_0000000_0099999,499,72421,72919,499,498,498,0,0,1.0,1.0,1.0,1,499.0,8.316666666666666,False,False
87ygy8_a7Uk,train,1,Dataset_Shard_0000000_0099999,893,72920,73812,893,892,892,0,0,1.0,1.0,1.0,1,893.0,14.883333333333333,False,False
8BgfmtrtmLI,train,1,Dataset_Shard_0000000_0099999,1101,73813,74913,1101,1100,1100,0,0,1.0,1.0,1.0,1,1101.0,18.35,False,False
8Fo-MdmXmBE,train,1,Dataset_Shard_0000000_0099999,767,74914,75680,767,766,766,0,0,1.0,1.0,1.0,1,767.0,12.783333333333333,False,False
8e9ejcfVQfY,test,1,Dataset_Shard_0000000_0099999,1004,75681,76684,1004,1003,1003,0,0,1.0,1.0,1.0,1,1004.0,16.733333333333334,False,False
8efNcdaz4zU,train,1,Dataset_Shard_0000000_0099999,974,76685,77658,974,973,973,0,0,1.0,1.0,1.0,1,974.0,16.233333333333334,False,False
8rYV4ViS9U4,train,1,Dataset_Shard_0000000_0099999,1007,77659,78665,1007,1006,1006,0,0,1.0,1.0,1.0,1,1007.0,16.783333333333335,False,False
91wTIWNvkCg,train,1,Dataset_Shard_0000000_0099999,812,78666,79477,812,811,811,0,0,1.0,1.0,1.0,1,812.0,13.533333333333333,False,False
96ChCVGsYPM,train,1,Dataset_Shard_0000000_0099999,846,79478,80323,846,845,845,0,0,1.0,1.0,1.0,1,846.0,14.1,False,False
9AE2GviExXs,train,1,Dataset_Shard_0000000_0099999,1233,80324,81556,1233,1232,1232,0,0,1.0,1.0,1.0,1,1233.0,20.55,False,False
9MPPZdAWF4U,train,1,Dataset_Shard_0000000_0099999,176,81557,81732,176,175,175,0,0,1.0,1.0,1.0,1,176.0,2.933333333333333,False,False
9Tq2xbgsGkM,train,1,Dataset_Shard_0000000_0099999,589,81733,82321,589,588,588,0,0,1.0,1.0,1.0,1,589.0,9.816666666666666,False,False
9azhMaMU4Eo,test,1,Dataset_Shard_0000000_0099999,1524,82322,83845,1524,1523,1523,0,0,1.0,1.0,1.0,1,1524.0,25.4,False,False
9lVD-SGOSjg,train,1,Dataset_Shard_0000000_0099999,2015,83846,85860,2015,2014,2014,0,0,1.0,1.0,1.0,1,2015.0,33.583333333333336,False,False
9oBVaGfsKf4,train,1,Dataset_Shard_0000000_0099999,1581,85861,87441,1581,1580,1580,0,0,1.0,1.0,1.0,1,1581.0,26.35,False,False
9vQKn6w95ow,train,1,Dataset_Shard_0000000_0099999,710,87442,88151,710,709,709,0,0,1.0,1.0,1.0,1,710.0,11.833333333333334,False,False
9yQHxxtlxt4,train,1,Dataset_Shard_0000000_0099999,629,88152,88780,629,628,628,0,0,1.0,1.0,1.0,1,629.0,10.483333333333333,False,False
A2dimG5cbgc,train,1,Dataset_Shard_0000000_0099999,1268,88781,90048,1268,1267,1267,0,0,1.0,1.0,1.0,1,1268.0,21.133333333333333,False,False
AE1Dd0KPmlw,train,1,Dataset_Shard_0000000_0099999,1258,90049,91306,1258,1257,1257,0,0,1.0,1.0,1.0,1,1258.0,20.966666666666665,False,False
AG0EifkPvGY,train,1,Dataset_Shard_0000000_0099999,760,91307,92066,760,759,759,0,0,1.0,1.0,1.0,1,760.0,12.666666666666666,False,False
AKC7bYyldHo,train,1,Dataset_Shard_0000000_0099999,1625,92067,93691,1625,1624,1624,0,0,1.0,1.0,1.0,1,1625.0,27.083333333333332,False,False
AOHQ0aYQ4QI,train,1,Dataset_Shard_0000000_0099999,811,93692,94502,811,810,810,0,0,1.0,1.0,1.0,1,811.0,13.516666666666667,False,False
AQ_qy4s9-58,train,1,Dataset_Shard_0000000_0099999,272,94503,94774,272,271,271,0,0,1.0,1.0,1.0,1,272.0,4.533333333333333,False,False
AXEbpZ0lhEM,train,1,Dataset_Shard_0000000_0099999,1542,94775,96316,1542,1541,1541,0,0,1.0,1.0,1.0,1,1542.0,25.7,False,False
Al4Q6ORp6CQ,val,1,Dataset_Shard_0000000_0099999,769,96317,97085,769,768,768,0,0,1.0,1.0,1.0,1,769.0,12.816666666666666,False,False
Aw4Vaqqq_Eg,train,1,Dataset_Shard_0000000_0099999,330,97086,97415,330,329,329,0,0,1.0,1.0,1.0,1,330.0,5.5,False,False
Aymbap8XcG8,train,1,Dataset_Shard_0000000_0099999,1636,97416,99051,1636,1635,1635,0,0,1.0,1.0,1.0,1,1636.0,27.266666666666666,False,False
AzqgcU5_3mo,train,1,Dataset_Shard_0000000_0099999,641,99052,99692,641,640,640,0,0,1.0,1.0,1.0,1,641.0,10.683333333333334,False,False
B3np71w5K1c,train,2,Dataset_Shard_0000000_0099999|Dataset_Shard_0100000_0199999,619,99693,100311,619,618,618,0,0,1.0,1.0,1.0,1,619.0,10.316666666666666,True,False
B5IAda_ZR3Q,train,1,Dataset_Shard_0100000_0199999,906,100312,101217,906,905,905,0,0,1.0,1.0,1.0,1,906.0,15.1,False,False
BDFwFmaztC0,train,1,Dataset_Shard_0100000_0199999,920,101218,102137,920,919,919,0,0,1.0,1.0,1.0,1,920.0,15.333333333333334,False,False
BI2jJ2nsUaw,train,1,Dataset_Shard_0100000_0199999,459,102138,102596,459,458,458,0,0,1.0,1.0,1.0,1,459.0,7.65,False,False
BaGpiUru22U,train,1,Dataset_Shard_0100000_0199999,686,102597,103282,686,685,685,0,0,1.0,1.0,1.0,1,686.0,11.433333333333334,False,False
Bdy36xv68Fs,train,1,Dataset_Shard_0100000_0199999,1499,103283,104781,1499,1498,1498,0,0,1.0,1.0,1.0,1,1499.0,24.983333333333334,False,False
BevoiaUK5ao,train,1,Dataset_Shard_0100000_0199999,601,104782,105382,601,600,600,0,0,1.0,1.0,1.0,1,601.0,10.016666666666667,False,False
C09ZpevuOVk,train,1,Dataset_Shard_0100000_0199999,770,105383,106152,770,769,769,0,0,1.0,1.0,1.0,1,770.0,12.833333333333334,False,False
C5tgj76oc7E,train,1,Dataset_Shard_0100000_0199999,638,106153,106790,638,637,637,0,0,1.0,1.0,1.0,1,638.0,10.633333333333333,False,False
CF81s4pzmew,val,1,Dataset_Shard_0100000_0199999,52,106791,106842,52,51,51,0,0,1.0,1.0,1.0,1,52.0,0.8666666666666667,False,False
CIc39aXlHRY,train,1,Dataset_Shard_0100000_0199999,1023,106843,107865,1023,1022,1022,0,0,1.0,1.0,1.0,1,1023.0,17.05,False,False
CIkvuF5f6ak,val,1,Dataset_Shard_0100000_0199999,1020,107866,108885,1020,1019,1019,0,0,1.0,1.0,1.0,1,1020.0,17.0,False,False
CNbMProDX_I,train,1,Dataset_Shard_0100000_0199999,515,108886,109400,515,514,514,0,0,1.0,1.0,1.0,1,515.0,8.583333333333334,False,False
CRYDNSvrbis,train,1,Dataset_Shard_0100000_0199999,3159,109401,112559,3159,3158,3158,0,0,1.0,1.0,1.0,1,3159.0,52.65,False,False
Ccs73enFclU,train,1,Dataset_Shard_0100000_0199999,575,112560,113134,575,574,574,0,0,1.0,1.0,1.0,1,575.0,9.583333333333334,False,False
CiYlq0pHhnM,train,1,Dataset_Shard_0100000_0199999,1239,113135,114373,1239,1238,1238,0,0,1.0,1.0,1.0,1,1239.0,20.65,False,False
Cl1w60d8Tqc,train,1,Dataset_Shard_0100000_0199999,1026,114374,115399,1026,1025,1025,0,0,1.0,1.0,1.0,1,1026.0,17.1,False,False
Ctp1DySPKS0,train,1,Dataset_Shard_0100000_0199999,1475,115400,116874,1475,1474,1474,0,0,1.0,1.0,1.0,1,1475.0,24.583333333333332,False,False
CzkK0xSXUMs,test,1,Dataset_Shard_0100000_0199999,798,116875,117672,798,797,797,0,0,1.0,1.0,1.0,1,798.0,13.3,False,False
D2q4s2rE0s_,train,1,Dataset_Shard_0100000_0199999,2351,117673,120023,2351,2350,2350,0,0,1.0,1.0,1.0,1,2351.0,39.18333333333333,False,False
DN3a8fF6FtU,train,1,Dataset_Shard_0100000_0199999,972,120024,120995,972,971,971,0,0,1.0,1.0,1.0,1,972.0,16.2,False,False
DOjCrrrGa5s,train,1,Dataset_Shard_0100000_0199999,1348,120996,122343,1348,1347,1347,0,0,1.0,1.0,1.0,1,1348.0,22.466666666666665,False,False
DXcoe1mtinI,train,1,Dataset_Shard_0100000_0199999,680,122344,123023,680,679,679,0,0,1.0,1.0,1.0,1,680.0,11.333333333333334,False,False
DZHdNtwKBMo,train,1,Dataset_Shard_0100000_0199999,1079,123024,124102,1079,1078,1078,0,0,1.0,1.0,1.0,1,1079.0,17.983333333333334,False,False
De9wq1vFUVo,train,1,Dataset_Shard_0100000_0199999,1589,124103,125691,1589,1588,1588,0,0,1.0,1.0,1.0,1,1589.0,26.483333333333334,False,False
DhitzRyJg4k,train,1,Dataset_Shard_0100000_0199999,810,125692,126501,810,809,809,0,0,1.0,1.0,1.0,1,810.0,13.5,False,False
DlBR2IuS-_Q,train,1,Dataset_Shard_0100000_0199999,1182,126502,127683,1182,1181,1181,0,0,1.0,1.0,1.0,1,1182.0,19.7,False,False
DpcTinoxOZQ,train,1,Dataset_Shard_0100000_0199999,647,127684,128330,647,646,646,0,0,1.0,1.0,1.0,1,647.0,10.783333333333333,False,False
DwsiVdwkl_M,train,1,Dataset_Shard_0100000_0199999,975,128331,129305,975,974,974,0,0,1.0,1.0,1.0,1,975.0,16.25,False,False
DzJPrFInDgI,val,1,Dataset_Shard_0100000_0199999,461,129306,129766,461,460,460,0,0,1.0,1.0,1.0,1,461.0,7.683333333333334,False,False
E0OylseYSt8,train,1,Dataset_Shard_0100000_0199999,407,129767,130173,407,406,406,0,0,1.0,1.0,1.0,1,407.0,6.783333333333333,False,False
E5eP26MKE98,train,1,Dataset_Shard_0100000_0199999,1407,130174,131580,1407,1406,1406,0,0,1.0,1.0,1.0,1,1407.0,23.45,False,False
EJiNfGhoa3Y,train,1,Dataset_Shard_0100000_0199999,696,131581,132276,696,695,695,0,0,1.0,1.0,1.0,1,696.0,11.6,False,False
EQhbPGMfvZU,train,1,Dataset_Shard_0100000_0199999,866,132277,133142,866,865,865,0,0,1.0,1.0,1.0,1,866.0,14.433333333333334,False,False
F1UNeBWv6Ww,train,1,Dataset_Shard_0100000_0199999,705,133143,133847,705,704,704,0,0,1.0,1.0,1.0,1,705.0,11.75,False,False
F1mXo8STM24,train,1,Dataset_Shard_0100000_0199999,415,133848,134262,415,414,414,0,0,1.0,1.0,1.0,1,415.0,6.916666666666667,False,False
F3BeAm1eM6Y,test,1,Dataset_Shard_0100000_0199999,288,134263,134550,288,287,287,0,0,1.0,1.0,1.0,1,288.0,4.8,False,False
F89GbwV1duU,train,1,Dataset_Shard_0100000_0199999,1052,134551,135602,1052,1051,1051,0,0,1.0,1.0,1.0,1,1052.0,17.533333333333335,False,False
FF6KGtNtiwQ,train,1,Dataset_Shard_0100000_0199999,1098,135603,136700,1098,1097,1097,0,0,1.0,1.0,1.0,1,1098.0,18.3,False,False
FFcXOiRGMaU,train,1,Dataset_Shard_0100000_0199999,990,136701,137690,990,989,989,0,0,1.0,1.0,1.0,1,990.0,16.5,False,False
FGjqL-YO8E8,train,1,Dataset_Shard_0100000_0199999,409,137691,138099,409,408,408,0,0,1.0,1.0,1.0,1,409.0,6.816666666666666,False,False
FHQdsG4y6sA,val,1,Dataset_Shard_0100000_0199999,353,138100,138452,353,352,352,0,0,1.0,1.0,1.0,1,353.0,5.883333333333334,False,False
FNFe75hIKd4,train,1,Dataset_Shard_0100000_0199999,885,138453,139337,885,884,884,0,0,1.0,1.0,1.0,1,885.0,14.75,False,False
FUGgFV3WFig,train,1,Dataset_Shard_0100000_0199999,1035,139338,140372,1035,1034,1034,0,0,1.0,1.0,1.0,1,1035.0,17.25,False,False
FhpkDxLChRA,train,1,Dataset_Shard_0100000_0199999,1094,140373,141466,1094,1093,1093,0,0,1.0,1.0,1.0,1,1094.0,18.233333333333334,False,False
Fi_z7GBejhs,train,1,Dataset_Shard_0100000_0199999,1275,141467,142741,1275,1274,1274,0,0,1.0,1.0,1.0,1,1275.0,21.25,False,False
FzpQ92s8Idw,train,1,Dataset_Shard_0100000_0199999,1157,142742,143898,1157,1156,1156,0,0,1.0,1.0,1.0,1,1157.0,19.283333333333335,False,False
G5iYNFJuHkc,train,1,Dataset_Shard_0100000_0199999,715,143899,144613,715,714,714,0,0,1.0,1.0,1.0,1,715.0,11.916666666666666,False,False
G6vEW8-Tk5w,train,1,Dataset_Shard_0100000_0199999,501,144614,145114,501,500,500,0,0,1.0,1.0,1.0,1,501.0,8.35,False,False
G8vA3NnBdms,val,1,Dataset_Shard_0100000_0199999,554,145115,145668,554,553,553,0,0,1.0,1.0,1.0,1,554.0,9.233333333333333,False,False
GVoppuU8cFo,train,1,Dataset_Shard_0100000_0199999,637,145669,146305,637,636,636,0,0,1.0,1.0,1.0,1,637.0,10.616666666666667,False,False
Gi3eUcsqhks,train,1,Dataset_Shard_0100000_0199999,846,146306,147151,846,845,845,0,0,1.0,1.0,1.0,1,846.0,14.1,False,False
GrND9qai5pY,train,1,Dataset_Shard_0100000_0199999,596,147152,147747,596,595,595,0,0,1.0,1.0,1.0,1,596.0,9.933333333333334,False,False
HDs_owlm-kM,test,1,Dataset_Shard_0100000_0199999,716,147748,148463,716,715,715,0,0,1.0,1.0,1.0,1,716.0,11.933333333333334,False,False
HRJ4OhgNX08,train,1,Dataset_Shard_0100000_0199999,367,148464,148830,367,366,366,0,0,1.0,1.0,1.0,1,367.0,6.116666666666666,False,False
HWcwP-2-gBU,train,1,Dataset_Shard_0100000_0199999,1931,148831,150761,1931,1930,1930,0,0,1.0,1.0,1.0,1,1931.0,32.18333333333333,False,False
HrG_CiyMH7A,train,1,Dataset_Shard_0100000_0199999,933,150762,151694,933,932,932,0,0,1.0,1.0,1.0,1,933.0,15.55,False,False
Hvip1xhAJEk,train,1,Dataset_Shard_0100000_0199999,541,151695,152235,541,540,540,0,0,1.0,1.0,1.0,1,541.0,9.016666666666667,False,False
HvxUw40lGmU,val,1,Dataset_Shard_0100000_0199999,520,152236,152755,520,519,519,0,0,1.0,1.0,1.0,1,520.0,8.666666666666666,False,False
I3ynWCdH9-Q,test,1,Dataset_Shard_0100000_0199999,1820,152756,154575,1820,1819,1819,0,0,1.0,1.0,1.0,1,1820.0,30.333333333333332,False,False
I4YrJCXtmDQ,train,1,Dataset_Shard_0100000_0199999,683,154576,155258,683,682,682,0,0,1.0,1.0,1.0,1,683.0,11.383333333333333,False,False
IJ6v8unnzlw,train,1,Dataset_Shard_0100000_0199999,739,155259,155997,739,738,738,0,0,1.0,1.0,1.0,1,739.0,12.316666666666666,False,False
IMYS4tzoiWw,train,1,Dataset_Shard_0100000_0199999,416,155998,156413,416,415,415,0,0,1.0,1.0,1.0,1,416.0,6.933333333333334,False,False
IWAeIhWK8k0,train,1,Dataset_Shard_0100000_0199999,991,156414,157404,991,990,990,0,0,1.0,1.0,1.0,1,991.0,16.516666666666666,False,False
IgXDqL9n1yc,train,1,Dataset_Shard_0100000_0199999,666,157405,158070,666,665,665,0,0,1.0,1.0,1.0,1,666.0,11.1,False,False
IknWlKwrkqM,train,1,Dataset_Shard_0100000_0199999,602,158071,158672,602,601,601,0,0,1.0,1.0,1.0,1,602.0,10.033333333333333,False,False
IpeCPBTMsp8,train,1,Dataset_Shard_0100000_0199999,476,158673,159148,476,475,475,0,0,1.0,1.0,1.0,1,476.0,7.933333333333334,False,False
IwlK3JWqWhA,train,1,Dataset_Shard_0100000_0199999,923,159149,160071,923,922,922,0,0,1.0,1.0,1.0,1,923.0,15.383333333333333,False,False
J2BXGfLbEQk,test,1,Dataset_Shard_0100000_0199999,1787,160072,161858,1787,1786,1786,0,0,1.0,1.0,1.0,1,1787.0,29.783333333333335,False,False
J2x0zNcfLzg,test,1,Dataset_Shard_0100000_0199999,958,161859,162816,958,957,957,0,0,1.0,1.0,1.0,1,958.0,15.966666666666667,False,False
J72oRFQXj5o,test,1,Dataset_Shard_0100000_0199999,1839,162817,164655,1839,1838,1838,0,0,1.0,1.0,1.0,1,1839.0,30.65,False,False
J8RgC4W1HeU,test,1,Dataset_Shard_0100000_0199999,687,164656,165342,687,686,686,0,0,1.0,1.0,1.0,1,687.0,11.45,False,False
JF1WHXagVBg,train,1,Dataset_Shard_0100000_0199999,922,165343,166264,922,921,921,0,0,1.0,1.0,1.0,1,922.0,15.366666666666667,False,False
JGxn16KUavc,val,1,Dataset_Shard_0100000_0199999,458,166265,166722,458,457,457,0,0,1.0,1.0,1.0,1,458.0,7.633333333333334,False,False
J_Q3FptXl4E,train,1,Dataset_Shard_0100000_0199999,715,166723,167437,715,714,714,0,0,1.0,1.0,1.0,1,715.0,11.916666666666666,False,False
JiFbkH4lkEA,train,1,Dataset_Shard_0100000_0199999,585,167438,168022,585,584,584,0,0,1.0,1.0,1.0,1,585.0,9.75,False,False
JricrURk4aQ,train,1,Dataset_Shard_0100000_0199999,1221,168023,169243,1221,1220,1220,0,0,1.0,1.0,1.0,1,1221.0,20.35,False,False
K1-1564mVaE,train,1,Dataset_Shard_0100000_0199999,929,169244,170172,929,928,928,0,0,1.0,1.0,1.0,1,929.0,15.483333333333333,False,False
KGDAv4gY0CU,train,1,Dataset_Shard_0100000_0199999,769,170173,170941,769,768,768,0,0,1.0,1.0,1.0,1,769.0,12.816666666666666,False,False
KWLQZy3Trfc,train,1,Dataset_Shard_0100000_0199999,1666,170942,172607,1666,1665,1665,0,0,1.0,1.0,1.0,1,1666.0,27.766666666666666,False,False
K_9S0CZoNLw,train,1,Dataset_Shard_0100000_0199999,1210,172608,173817,1210,1209,1209,0,0,1.0,1.0,1.0,1,1210.0,20.166666666666668,False,False
KcYwOQfhWUk,test,1,Dataset_Shard_0100000_0199999,470,173818,174287,470,469,469,0,0,1.0,1.0,1.0,1,470.0,7.833333333333333,False,False
KiIkP5rt664,train,1,Dataset_Shard_0100000_0199999,449,174288,174736,449,448,448,0,0,1.0,1.0,1.0,1,449.0,7.483333333333333,False,False
LABUp-9fzpo,train,1,Dataset_Shard_0100000_0199999,2509,174737,177245,2509,2508,2508,0,0,1.0,1.0,1.0,1,2509.0,41.81666666666667,False,False
LCu1WeLTHHs,train,1,Dataset_Shard_0100000_0199999,744,177246,177989,744,743,743,0,0,1.0,1.0,1.0,1,744.0,12.4,False,False
LNm-RsObqrI,train,1,Dataset_Shard_0100000_0199999,652,177990,178641,652,651,651,0,0,1.0,1.0,1.0,1,652.0,10.866666666666667,False,False
LY8eSMG5Zg_,train,1,Dataset_Shard_0100000_0199999,1100,178642,179741,1100,1099,1099,0,0,1.0,1.0,1.0,1,1100.0,18.333333333333332,False,False
L_MDy-YN-qU,val,1,Dataset_Shard_0100000_0199999,1163,179742,180904,1163,1162,1162,0,0,1.0,1.0,1.0,1,1163.0,19.383333333333333,False,False
LqVVbjKegLM,train,1,Dataset_Shard_0100000_0199999,258,180905,181162,258,257,257,0,0,1.0,1.0,1.0,1,258.0,4.3,False,False
LsLsb6ON3HA,train,1,Dataset_Shard_0100000_0199999,1792,181163,182954,1792,1791,1791,0,0,1.0,1.0,1.0,1,1792.0,29.866666666666667,False,False
LxB4fZIr6QM,train,1,Dataset_Shard_0100000_0199999,1269,182955,184223,1269,1268,1268,0,0,1.0,1.0,1.0,1,1269.0,21.15,False,False
M0U21_jIkjs,train,1,Dataset_Shard_0100000_0199999,876,184224,185099,876,875,875,0,0,1.0,1.0,1.0,1,876.0,14.6,False,False
MI9SBkWfYeE,train,1,Dataset_Shard_0100000_0199999,537,185100,185636,537,536,536,0,0,1.0,1.0,1.0,1,537.0,8.95,False,False
MKXS5-a6wB4,train,1,Dataset_Shard_0100000_0199999,1100,185637,186736,1100,1099,1099,0,0,1.0,1.0,1.0,1,1100.0,18.333333333333332,False,False
MO0BNkMVRUM,train,1,Dataset_Shard_0100000_0199999,1988,186737,188724,1988,1987,1987,0,0,1.0,1.0,1.0,1,1988.0,33.13333333333333,False,False
MQ0rcxyT_18,train,1,Dataset_Shard_0100000_0199999,1416,188725,190140,1416,1415,1415,0,0,1.0,1.0,1.0,1,1416.0,23.6,False,False
MWvT1QbVPW4,val,1,Dataset_Shard_0100000_0199999,811,190141,190951,811,810,810,0,0,1.0,1.0,1.0,1,811.0,13.516666666666667,False,False
Mb1sAgqD2zk,train,1,Dataset_Shard_0100000_0199999,1041,190952,191992,1041,1040,1040,0,0,1.0,1.0,1.0,1,1041.0,17.35,False,False
MoldpStWdSM,train,1,Dataset_Shard_0100000_0199999,1247,191993,193239,1247,1246,1246,0,0,1.0,1.0,1.0,1,1247.0,20.783333333333335,False,False
MwffJW2HSBw,train,1,Dataset_Shard_0100000_0199999,547,193240,193786,547,546,546,0,0,1.0,1.0,1.0,1,547.0,9.116666666666667,False,False
Mwqts-3PkoQ,train,1,Dataset_Shard_0100000_0199999,927,193787,194713,927,926,926,0,0,1.0,1.0,1.0,1,927.0,15.45,False,False
Mz477FcOK1I,train,1,Dataset_Shard_0100000_0199999,668,194714,195381,668,667,667,0,0,1.0,1.0,1.0,1,668.0,11.133333333333333,False,False
NBZN1K9PE38,train,1,Dataset_Shard_0100000_0199999,2220,195382,197601,2220,2219,2219,0,0,1.0,1.0,1.0,1,2220.0,37.0,False,False
NDEQ8jZEeMg,train,1,Dataset_Shard_0100000_0199999,661,197602,198262,661,660,660,0,0,1.0,1.0,1.0,1,661.0,11.016666666666667,False,False
NMv_tUPIx3M,val,1,Dataset_Shard_0100000_0199999,484,198263,198746,484,483,483,0,0,1.0,1.0,1.0,1,484.0,8.066666666666666,False,False
NNaNjLEnyCc,train,1,Dataset_Shard_0100000_0199999,724,198747,199470,724,723,723,0,0,1.0,1.0,1.0,1,724.0,12.066666666666666,False,False
NSBXNBFcSM_,train,1,Dataset_Shard_0100000_0199999,428,199471,199898,428,427,427,0,0,1.0,1.0,1.0,1,428.0,7.133333333333334,False,False
NTTKigtDFOM,val,2,Dataset_Shard_0100000_0199999|Dataset_Shard_0200000_0299999,1044,199899,200942,1044,1043,1043,0,0,1.0,1.0,1.0,1,1044.0,17.4,True,False
NTl51OfTzPY,train,1,Dataset_Shard_0200000_0299999,832,200943,201774,832,831,831,0,0,1.0,1.0,1.0,1,832.0,13.866666666666667,False,False
Nd5eAZn0k8Q,train,1,Dataset_Shard_0200000_0299999,1178,201775,202952,1178,1177,1177,0,0,1.0,1.0,1.0,1,1178.0,19.633333333333333,False,False
Nenwue8ACQE,train,1,Dataset_Shard_0200000_0299999,577,202953,203529,577,576,576,0,0,1.0,1.0,1.0,1,577.0,9.616666666666667,False,False
NjNROlXjW5I,train,1,Dataset_Shard_0200000_0299999,1328,203530,204857,1328,1327,1327,0,0,1.0,1.0,1.0,1,1328.0,22.133333333333333,False,False
NnlJ2WtQxhw,train,1,Dataset_Shard_0200000_0299999,1724,204858,206581,1724,1723,1723,0,0,1.0,1.0,1.0,1,1724.0,28.733333333333334,False,False
NsLZGmOq9MM,train,1,Dataset_Shard_0200000_0299999,622,206582,207203,622,621,621,0,0,1.0,1.0,1.0,1,622.0,10.366666666666667,False,False
Nt95VxNw1JA,train,1,Dataset_Shard_0200000_0299999,1348,207204,208551,1348,1347,1347,0,0,1.0,1.0,1.0,1,1348.0,22.466666666666665,False,False
NumylOGDIqs,train,1,Dataset_Shard_0200000_0299999,525,208552,209076,525,524,524,0,0,1.0,1.0,1.0,1,525.0,8.75,False,False
NxPc-RxaurE,val,1,Dataset_Shard_0200000_0299999,968,209077,210044,968,967,967,0,0,1.0,1.0,1.0,1,968.0,16.133333333333333,False,False
O6svjbPlqR0,train,1,Dataset_Shard_0200000_0299999,471,210045,210515,471,470,470,0,0,1.0,1.0,1.0,1,471.0,7.85,False,False
OK0NO9Pofgk,val,1,Dataset_Shard_0200000_0299999,531,210516,211046,531,530,530,0,0,1.0,1.0,1.0,1,531.0,8.85,False,False
OLLAoZsGd0Q,test,1,Dataset_Shard_0200000_0299999,2361,211047,213407,2361,2360,2360,0,0,1.0,1.0,1.0,1,2361.0,39.35,False,False
OOXpm9RUBr4,train,1,Dataset_Shard_0200000_0299999,1224,213408,214631,1224,1223,1223,0,0,1.0,1.0,1.0,1,1224.0,20.4,False,False
Oh6s2ckLVCc,train,1,Dataset_Shard_0200000_0299999,310,214632,214941,310,309,309,0,0,1.0,1.0,1.0,1,310.0,5.166666666666667,False,False
Oxh1el_9L68,val,1,Dataset_Shard_0200000_0299999,129,214942,215070,129,128,128,0,0,1.0,1.0,1.0,1,129.0,2.15,False,False
P42sNbDRQVI,train,1,Dataset_Shard_0200000_0299999,1102,215071,216172,1102,1101,1101,0,0,1.0,1.0,1.0,1,1102.0,18.366666666666667,False,False
PAp-oCbJbao,train,1,Dataset_Shard_0200000_0299999,981,216173,217153,981,980,980,0,0,1.0,1.0,1.0,1,981.0,16.35,False,False
PBh8_Cc90uw,train,1,Dataset_Shard_0200000_0299999,512,217154,217665,512,511,511,0,0,1.0,1.0,1.0,1,512.0,8.533333333333333,False,False
PCuj0aU8-4E,train,1,Dataset_Shard_0200000_0299999,905,217666,218570,905,904,904,0,0,1.0,1.0,1.0,1,905.0,15.083333333333334,False,False
PF0ym46Ji90,train,1,Dataset_Shard_0200000_0299999,764,218571,219334,764,763,763,0,0,1.0,1.0,1.0,1,764.0,12.733333333333333,False,False
PGb6eporHd4,train,1,Dataset_Shard_0200000_0299999,874,219335,220208,874,873,873,0,0,1.0,1.0,1.0,1,874.0,14.566666666666666,False,False
PON6UARN2Ho,val,1,Dataset_Shard_0200000_0299999,582,220209,220790,582,581,581,0,0,1.0,1.0,1.0,1,582.0,9.7,False,False
PQO_bd79mec,val,1,Dataset_Shard_0200000_0299999,561,220791,221351,561,560,560,0,0,1.0,1.0,1.0,1,561.0,9.35,False,False
PVyHZ65Fny0,train,1,Dataset_Shard_0200000_0299999,866,221352,222217,866,865,865,0,0,1.0,1.0,1.0,1,866.0,14.433333333333334,False,False
PfsdriLJNvI,test,1,Dataset_Shard_0200000_0299999,1200,222218,223417,1200,1199,1199,0,0,1.0,1.0,1.0,1,1200.0,20.0,False,False
Pft9pKcpJfQ,train,1,Dataset_Shard_0200000_0299999,3447,223418,226864,3447,3446,3446,0,0,1.0,1.0,1.0,1,3447.0,57.45,False,False
Pxfgv-VzJb8,train,1,Dataset_Shard_0200000_0299999,672,226865,227536,672,671,671,0,0,1.0,1.0,1.0,1,672.0,11.2,False,False
Q3-hgENLscU,train,1,Dataset_Shard_0200000_0299999,968,227537,228504,968,967,967,0,0,1.0,1.0,1.0,1,968.0,16.133333333333333,False,False
QGuO3Ikm9L0,train,1,Dataset_Shard_0200000_0299999,1283,228505,229787,1283,1282,1282,0,0,1.0,1.0,1.0,1,1283.0,21.383333333333333,False,False
QJ-yAwmzwSs,test,1,Dataset_Shard_0200000_0299999,1513,229788,231300,1513,1512,1512,0,0,1.0,1.0,1.0,1,1513.0,25.216666666666665,False,False
QLqrGlVdPCw,test,1,Dataset_Shard_0200000_0299999,929,231301,232229,929,928,928,0,0,1.0,1.0,1.0,1,929.0,15.483333333333333,False,False
QPaAUPP0L2s,train,1,Dataset_Shard_0200000_0299999,1615,232230,233844,1615,1614,1614,0,0,1.0,1.0,1.0,1,1615.0,26.916666666666668,False,False
QRGS3EjB5I4,train,1,Dataset_Shard_0200000_0299999,629,233845,234473,629,628,628,0,0,1.0,1.0,1.0,1,629.0,10.483333333333333,False,False
QULIHG8qXNw,test,1,Dataset_Shard_0200000_0299999,799,234474,235272,799,798,798,0,0,1.0,1.0,1.0,1,799.0,13.316666666666666,False,False
QZqfMruo1-w,train,1,Dataset_Shard_0200000_0299999,551,235273,235823,551,550,550,0,0,1.0,1.0,1.0,1,551.0,9.183333333333334,False,False
R2AgAYViA-Q,train,1,Dataset_Shard_0200000_0299999,935,235824,236758,935,934,934,0,0,1.0,1.0,1.0,1,935.0,15.583333333333334,False,False
R8C5qDxBYj0,train,1,Dataset_Shard_0200000_0299999,1221,236759,237979,1221,1220,1220,0,0,1.0,1.0,1.0,1,1221.0,20.35,False,False
ROt4Y-lkzD8,train,1,Dataset_Shard_0200000_0299999,562,237980,238541,562,561,561,0,0,1.0,1.0,1.0,1,562.0,9.366666666666667,False,False
RUu5-e13gZw,train,1,Dataset_Shard_0200000_0299999,396,238542,238937,396,395,395,0,0,1.0,1.0,1.0,1,396.0,6.6,False,False
RWeESNvnYQs,train,1,Dataset_Shard_0200000_0299999,564,238938,239501,564,563,563,0,0,1.0,1.0,1.0,1,564.0,9.4,False,False
RXnWs2i_f2w,train,1,Dataset_Shard_0200000_0299999,1351,239502,240852,1351,1350,1350,0,0,1.0,1.0,1.0,1,1351.0,22.516666666666666,False,False
RjAhTdGaZpw,train,1,Dataset_Shard_0200000_0299999,1303,240853,242155,1303,1302,1302,0,0,1.0,1.0,1.0,1,1303.0,21.716666666666665,False,False
RrCuR6tPFxI,train,1,Dataset_Shard_0200000_0299999,641,242156,242796,641,640,640,0,0,1.0,1.0,1.0,1,641.0,10.683333333333334,False,False
S-x-08mtMhM,test,1,Dataset_Shard_0200000_0299999,744,242797,243540,744,743,743,0,0,1.0,1.0,1.0,1,744.0,12.4,False,False
S9MeH6oej30,train,1,Dataset_Shard_0200000_0299999,715,243541,244255,715,714,714,0,0,1.0,1.0,1.0,1,715.0,11.916666666666666,False,False
SJcqdf3mIc8,train,1,Dataset_Shard_0200000_0299999,89,244256,244344,89,88,88,0,0,1.0,1.0,1.0,1,89.0,1.4833333333333334,False,False
SWqtN9u71FI,train,1,Dataset_Shard_0200000_0299999,1276,244345,245620,1276,1275,1275,0,0,1.0,1.0,1.0,1,1276.0,21.266666666666666,False,False
SjbNwQc9Uko,train,1,Dataset_Shard_0200000_0299999,1353,245621,246973,1353,1352,1352,0,0,1.0,1.0,1.0,1,1353.0,22.55,False,False
SpUWKtLtTN8,train,1,Dataset_Shard_0200000_0299999,1111,246974,248084,1111,1110,1110,0,0,1.0,1.0,1.0,1,1111.0,18.516666666666666,False,False
SrkeG7CkkJY,train,1,Dataset_Shard_0200000_0299999,1046,248085,249130,1046,1045,1045,0,0,1.0,1.0,1.0,1,1046.0,17.433333333333334,False,False
SsxtoWJHb4o,train,1,Dataset_Shard_0200000_0299999,859,249131,249989,859,858,858,0,0,1.0,1.0,1.0,1,859.0,14.316666666666666,False,False
TDCUZ3rN6H8,train,1,Dataset_Shard_0200000_0299999,1138,249990,251127,1138,1137,1137,0,0,1.0,1.0,1.0,1,1138.0,18.966666666666665,False,False
TLUD5I3rzoc,train,1,Dataset_Shard_0200000_0299999,800,251128,251927,800,799,799,0,0,1.0,1.0,1.0,1,800.0,13.333333333333334,False,False
TMhssQ2rLOc,val,1,Dataset_Shard_0200000_0299999,1331,251928,253258,1331,1330,1330,0,0,1.0,1.0,1.0,1,1331.0,22.183333333333334,False,False
T_FBIBGomLM,train,1,Dataset_Shard_0200000_0299999,1591,253259,254849,1591,1590,1590,0,0,1.0,1.0,1.0,1,1591.0,26.516666666666666,False,False
TcjaEAyS8ts,train,1,Dataset_Shard_0200000_0299999,791,254850,255640,791,790,790,0,0,1.0,1.0,1.0,1,791.0,13.183333333333334,False,False
TlGCU7dVYvo,train,1,Dataset_Shard_0200000_0299999,874,255641,256514,874,873,873,0,0,1.0,1.0,1.0,1,874.0,14.566666666666666,False,False
Tn_MfGExzrw,train,1,Dataset_Shard_0200000_0299999,339,256515,256853,339,338,338,0,0,1.0,1.0,1.0,1,339.0,5.65,False,False
TqH1zY7HkZE,train,1,Dataset_Shard_0200000_0299999,1008,256854,257861,1008,1007,1007,0,0,1.0,1.0,1.0,1,1008.0,16.8,False,False
TxDFFE1BV8k,train,1,Dataset_Shard_0200000_0299999,682,257862,258543,682,681,681,0,0,1.0,1.0,1.0,1,682.0,11.366666666666667,False,False
U5_e_c9A3Rc,train,1,Dataset_Shard_0200000_0299999,475,258544,259018,475,474,474,0,0,1.0,1.0,1.0,1,475.0,7.916666666666667,False,False
U7HzviIwyfs,train,1,Dataset_Shard_0200000_0299999,3430,259019,262448,3430,3429,3429,0,0,1.0,1.0,1.0,1,3430.0,57.166666666666664,False,False
UFtV7H3fdIs,train,1,Dataset_Shard_0200000_0299999,510,262449,262958,510,509,509,0,0,1.0,1.0,1.0,1,510.0,8.5,False,False
UQfPmUjyJUM,train,1,Dataset_Shard_0200000_0299999,768,262959,263726,768,767,767,0,0,1.0,1.0,1.0,1,768.0,12.8,False,False
UTkGQGJkQcM,train,1,Dataset_Shard_0200000_0299999,953,263727,264679,953,952,952,0,0,1.0,1.0,1.0,1,953.0,15.883333333333333,False,False
UVKesI-XW-I,train,1,Dataset_Shard_0200000_0299999,641,264680,265320,641,640,640,0,0,1.0,1.0,1.0,1,641.0,10.683333333333334,False,False
UhLOi799970,train,1,Dataset_Shard_0200000_0299999,1059,265321,266379,1059,1058,1058,0,0,1.0,1.0,1.0,1,1059.0,17.65,False,False
Ursk6DLqdv4,train,1,Dataset_Shard_0200000_0299999,1083,266380,267462,1083,1082,1082,0,0,1.0,1.0,1.0,1,1083.0,18.05,False,False
UzHgEVKrIqc,train,1,Dataset_Shard_0200000_0299999,689,267463,268151,689,688,688,0,0,1.0,1.0,1.0,1,689.0,11.483333333333333,False,False
WNqNsRzvBvo,train,1,Dataset_Shard_0200000_0299999,603,268152,268754,603,602,602,0,0,1.0,1.0,1.0,1,603.0,10.05,False,False
WQGAJwFwH0w,train,1,Dataset_Shard_0200000_0299999,686,268755,269440,686,685,685,0,0,1.0,1.0,1.0,1,686.0,11.433333333333334,False,False
WRYnLiiVC_o,train,1,Dataset_Shard_0200000_0299999,682,269441,270122,682,681,681,0,0,1.0,1.0,1.0,1,682.0,11.366666666666667,False,False
WaNC6Haohmo,train,1,Dataset_Shard_0200000_0299999,682,270123,270804,682,681,681,0,0,1.0,1.0,1.0,1,682.0,11.366666666666667,False,False
WomgOCKLrVc,train,1,Dataset_Shard_0200000_0299999,705,270805,271509,705,704,704,0,0,1.0,1.0,1.0,1,705.0,11.75,False,False
Wxgkda9YiHw,train,1,Dataset_Shard_0200000_0299999,922,271510,272431,922,921,921,0,0,1.0,1.0,1.0,1,922.0,15.366666666666667,False,False
WzV4jMKBeew,train,1,Dataset_Shard_0200000_0299999,644,272432,273075,644,643,643,0,0,1.0,1.0,1.0,1,644.0,10.733333333333333,False,False
X5tZRyCgJK8,train,1,Dataset_Shard_0200000_0299999,662,273076,273737,662,661,661,0,0,1.0,1.0,1.0,1,662.0,11.033333333333333,False,False
X7orN2iRgls,train,1,Dataset_Shard_0200000_0299999,884,273738,274621,884,883,883,0,0,1.0,1.0,1.0,1,884.0,14.733333333333333,False,False
XCsmC9bEuDg,train,1,Dataset_Shard_0200000_0299999,1925,274622,276546,1925,1924,1924,0,0,1.0,1.0,1.0,1,1925.0,32.083333333333336,False,False
XHK8f0jmGFw,train,1,Dataset_Shard_0200000_0299999,470,276547,277016,470,469,469,0,0,1.0,1.0,1.0,1,470.0,7.833333333333333,False,False
XK0SUybge_0,train,1,Dataset_Shard_0200000_0299999,477,277017,277493,477,476,476,0,0,1.0,1.0,1.0,1,477.0,7.95,False,False
XRtazMBnC9Y,train,1,Dataset_Shard_0200000_0299999,284,277494,277777,284,283,283,0,0,1.0,1.0,1.0,1,284.0,4.733333333333333,False,False
XSkVffeCQ8c,train,1,Dataset_Shard_0200000_0299999,440,277778,278217,440,439,439,0,0,1.0,1.0,1.0,1,440.0,7.333333333333333,False,False
Xb5EGVKJPoI,train,1,Dataset_Shard_0200000_0299999,919,278218,279136,919,918,918,0,0,1.0,1.0,1.0,1,919.0,15.316666666666666,False,False
XhaQLBKD6Sc,train,1,Dataset_Shard_0200000_0299999,622,279137,279758,622,621,621,0,0,1.0,1.0,1.0,1,622.0,10.366666666666667,False,False
Xkv0iBd50dQ,train,1,Dataset_Shard_0200000_0299999,1073,279759,280831,1073,1072,1072,0,0,1.0,1.0,1.0,1,1073.0,17.883333333333333,False,False
Xr0VL5ak2YA,train,1,Dataset_Shard_0200000_0299999,168,280832,280999,168,167,167,0,0,1.0,1.0,1.0,1,168.0,2.8,False,False
Y1rsLA_zWpw,train,1,Dataset_Shard_0200000_0299999,410,281000,281409,410,409,409,0,0,1.0,1.0,1.0,1,410.0,6.833333333333333,False,False
YBdiEmhvUL4,val,1,Dataset_Shard_0200000_0299999,1062,281410,282471,1062,1061,1061,0,0,1.0,1.0,1.0,1,1062.0,17.7,False,False
YLFEJ_74Qps,train,1,Dataset_Shard_0200000_0299999,594,282472,283065,594,593,593,0,0,1.0,1.0,1.0,1,594.0,9.9,False,False
YNJTgfO5Mvs,val,1,Dataset_Shard_0200000_0299999,851,283066,283916,851,850,850,0,0,1.0,1.0,1.0,1,851.0,14.183333333333334,False,False
YTTraNue048,train,1,Dataset_Shard_0200000_0299999,768,283917,284684,768,767,767,0,0,1.0,1.0,1.0,1,768.0,12.8,False,False
YUA8cOH4wTA,train,1,Dataset_Shard_0200000_0299999,671,284685,285355,671,670,670,0,0,1.0,1.0,1.0,1,671.0,11.183333333333334,False,False
Yg5Ssy3qkgQ,train,1,Dataset_Shard_0200000_0299999,1035,285356,286390,1035,1034,1034,0,0,1.0,1.0,1.0,1,1035.0,17.25,False,False
Ykj7lbApeTs,train,1,Dataset_Shard_0200000_0299999,622,286391,287012,622,621,621,0,0,1.0,1.0,1.0,1,622.0,10.366666666666667,False,False
YufGRlASfNw,val,1,Dataset_Shard_0200000_0299999,210,287013,287222,210,209,209,0,0,1.0,1.0,1.0,1,210.0,3.5,False,False
YweVXE4EVWM,train,1,Dataset_Shard_0200000_0299999,2161,287223,289383,2161,2160,2160,0,0,1.0,1.0,1.0,1,2161.0,36.016666666666666,False,False
Z3wah38KgoA,train,1,Dataset_Shard_0200000_0299999,498,289384,289881,498,497,497,0,0,1.0,1.0,1.0,1,498.0,8.3,False,False
ZBsE2JWimj0,train,1,Dataset_Shard_0200000_0299999,842,289882,290723,842,841,841,0,0,1.0,1.0,1.0,1,842.0,14.033333333333333,False,False
ZPGB4_jJCyc,train,1,Dataset_Shard_0200000_0299999,717,290724,291440,717,716,716,0,0,1.0,1.0,1.0,1,717.0,11.95,False,False
Z_Nk-d3D3VI,train,1,Dataset_Shard_0200000_0299999,676,291441,292116,676,675,675,0,0,1.0,1.0,1.0,1,676.0,11.266666666666667,False,False
ZbjWbqnnYyE,train,1,Dataset_Shard_0200000_0299999,227,292117,292343,227,226,226,0,0,1.0,1.0,1.0,1,227.0,3.783333333333333,False,False
Zcn7rbz3Xqc,train,1,Dataset_Shard_0200000_0299999,893,292344,293236,893,892,892,0,0,1.0,1.0,1.0,1,893.0,14.883333333333333,False,False
aIi6zkwglCM,train,1,Dataset_Shard_0200000_0299999,1078,293237,294314,1078,1077,1077,0,0,1.0,1.0,1.0,1,1078.0,17.966666666666665,False,False
aKAbodQ83uk,train,1,Dataset_Shard_0200000_0299999,1234,294315,295548,1234,1233,1233,0,0,1.0,1.0,1.0,1,1234.0,20.566666666666666,False,False
aRF_slIwqM4,val,1,Dataset_Shard_0200000_0299999,682,295549,296230,682,681,681,0,0,1.0,1.0,1.0,1,682.0,11.366666666666667,False,False
aUad-7rZkQE,train,1,Dataset_Shard_0200000_0299999,669,296231,296899,669,668,668,0,0,1.0,1.0,1.0,1,669.0,11.15,False,False
aq7naPyd_ps,train,1,Dataset_Shard_0200000_0299999,513,296900,297412,513,512,512,0,0,1.0,1.0,1.0,1,513.0,8.55,False,False
aykwHkSTKps,train,1,Dataset_Shard_0200000_0299999,1910,297413,299322,1910,1909,1909,0,0,1.0,1.0,1.0,1,1910.0,31.833333333333332,False,False
b4wQRPqpcHo,train,1,Dataset_Shard_0200000_0299999,647,299323,299969,647,646,646,0,0,1.0,1.0,1.0,1,647.0,10.783333333333333,False,False
b7nnK-iWh_s,train,2,Dataset_Shard_0200000_0299999|Dataset_Shard_0300000_0399999,1149,299970,301118,1149,1148,1148,0,0,1.0,1.0,1.0,1,1149.0,19.15,True,False
bDs_lr_2dpg,train,1,Dataset_Shard_0300000_0399999,1452,301119,302570,1452,1451,1451,0,0,1.0,1.0,1.0,1,1452.0,24.2,False,False
bF1ORN7QtkE,val,1,Dataset_Shard_0300000_0399999,162,302571,302732,162,161,161,0,0,1.0,1.0,1.0,1,162.0,2.7,False,False
bGaEvKvZWas,train,1,Dataset_Shard_0300000_0399999,1459,302733,304191,1459,1458,1458,0,0,1.0,1.0,1.0,1,1459.0,24.316666666666666,False,False
bQ869A6Z27I,train,1,Dataset_Shard_0300000_0399999,1344,304192,305535,1344,1343,1343,0,0,1.0,1.0,1.0,1,1344.0,22.4,False,False
bf8S2Tnk5-c,train,1,Dataset_Shard_0300000_0399999,657,305536,306192,657,656,656,0,0,1.0,1.0,1.0,1,657.0,10.95,False,False
bkQ5uGu5qE8,train,1,Dataset_Shard_0300000_0399999,1045,306193,307237,1045,1044,1044,0,0,1.0,1.0,1.0,1,1045.0,17.416666666666668,False,False
bnVPLUTCR7U,train,1,Dataset_Shard_0300000_0399999,879,307238,308116,879,878,878,0,0,1.0,1.0,1.0,1,879.0,14.65,False,False
btNRAupsVCA,train,1,Dataset_Shard_0300000_0399999,873,308117,308989,873,872,872,0,0,1.0,1.0,1.0,1,873.0,14.55,False,False
c2Gd126Ko_w,train,1,Dataset_Shard_0300000_0399999,678,308990,309667,678,677,677,0,0,1.0,1.0,1.0,1,678.0,11.3,False,False
c3SQmrJFsLY,test,1,Dataset_Shard_0300000_0399999,594,309668,310261,594,593,593,0,0,1.0,1.0,1.0,1,594.0,9.9,False,False
c7Al1YuIwUI,train,1,Dataset_Shard_0300000_0399999,680,310262,310941,680,679,679,0,0,1.0,1.0,1.0,1,680.0,11.333333333333334,False,False
cCQSFjK9mhw,train,1,Dataset_Shard_0300000_0399999,655,310942,311596,655,654,654,0,0,1.0,1.0,1.0,1,655.0,10.916666666666666,False,False
cF3FypUIZhA,train,1,Dataset_Shard_0300000_0399999,522,311597,312118,522,521,521,0,0,1.0,1.0,1.0,1,522.0,8.7,False,False
cFUZYGRYK94,train,1,Dataset_Shard_0300000_0399999,472,312119,312590,472,471,471,0,0,1.0,1.0,1.0,1,472.0,7.866666666666666,False,False
cPcyix9lBG0,train,1,Dataset_Shard_0300000_0399999,1419,312591,314009,1419,1418,1418,0,0,1.0,1.0,1.0,1,1419.0,23.65,False,False
cQAkgnu0KNE,train,1,Dataset_Shard_0300000_0399999,299,314010,314308,299,298,298,0,0,1.0,1.0,1.0,1,299.0,4.983333333333333,False,False
cTIbhq8KHSM,train,1,Dataset_Shard_0300000_0399999,691,314309,314999,691,690,690,0,0,1.0,1.0,1.0,1,691.0,11.516666666666667,False,False
ciLvB2zwaOE,train,1,Dataset_Shard_0300000_0399999,1424,315000,316423,1424,1423,1423,0,0,1.0,1.0,1.0,1,1424.0,23.733333333333334,False,False
ck3jZjhnQ84,train,1,Dataset_Shard_0300000_0399999,697,316424,317120,697,696,696,0,0,1.0,1.0,1.0,1,697.0,11.616666666666667,False,False
cqUD7jK9olE,train,1,Dataset_Shard_0300000_0399999,417,317121,317537,417,416,416,0,0,1.0,1.0,1.0,1,417.0,6.95,False,False
cxKVZ0NO0V4,train,1,Dataset_Shard_0300000_0399999,1416,317538,318953,1416,1415,1415,0,0,1.0,1.0,1.0,1,1416.0,23.6,False,False
d21L6jFe6C8,train,1,Dataset_Shard_0300000_0399999,597,318954,319550,597,596,596,0,0,1.0,1.0,1.0,1,597.0,9.95,False,False
d9IvvjcFxp8,train,1,Dataset_Shard_0300000_0399999,846,319551,320396,846,845,845,0,0,1.0,1.0,1.0,1,846.0,14.1,False,False
dadeCjt1zZ8,train,1,Dataset_Shard_0300000_0399999,490,320397,320886,490,489,489,0,0,1.0,1.0,1.0,1,490.0,8.166666666666666,False,False
dpttD5WWzs0,train,1,Dataset_Shard_0300000_0399999,669,320887,321555,669,668,668,0,0,1.0,1.0,1.0,1,669.0,11.15,False,False
dtf0Qt8rCPE,train,1,Dataset_Shard_0300000_0399999,1220,321556,322775,1220,1219,1219,0,0,1.0,1.0,1.0,1,1220.0,20.333333333333332,False,False
e0x_uAwuUVE,val,1,Dataset_Shard_0300000_0399999,878,322776,323653,878,877,877,0,0,1.0,1.0,1.0,1,878.0,14.633333333333333,False,False
e63J3OFgS7M,train,1,Dataset_Shard_0300000_0399999,521,323654,324174,521,520,520,0,0,1.0,1.0,1.0,1,521.0,8.683333333333334,False,False
e6FMbxEpdus,val,1,Dataset_Shard_0300000_0399999,1214,324175,325388,1214,1213,1213,0,0,1.0,1.0,1.0,1,1214.0,20.233333333333334,False,False
eAyLA25v2ls,train,1,Dataset_Shard_0300000_0399999,863,325389,326251,863,862,862,0,0,1.0,1.0,1.0,1,863.0,14.383333333333333,False,False
eC9gwP4mNPQ,train,1,Dataset_Shard_0300000_0399999,698,326252,326949,698,697,697,0,0,1.0,1.0,1.0,1,698.0,11.633333333333333,False,False
eFquyliJz0U,val,1,Dataset_Shard_0300000_0399999,326,326950,327275,326,325,325,0,0,1.0,1.0,1.0,1,326.0,5.433333333333334,False,False
ePQhPKVW2vk,train,1,Dataset_Shard_0300000_0399999,1333,327276,328608,1333,1332,1332,0,0,1.0,1.0,1.0,1,1333.0,22.216666666666665,False,False
eVYUkO383bM,train,1,Dataset_Shard_0300000_0399999,848,328609,329456,848,847,847,0,0,1.0,1.0,1.0,1,848.0,14.133333333333333,False,False
eg5ydF06A9U,train,1,Dataset_Shard_0300000_0399999,1099,329457,330555,1099,1098,1098,0,0,1.0,1.0,1.0,1,1099.0,18.316666666666666,False,False
erLQ1Ojy-TQ,val,1,Dataset_Shard_0300000_0399999,362,330556,330917,362,361,361,0,0,1.0,1.0,1.0,1,362.0,6.033333333333333,False,False
euGB9ACrIrg,train,1,Dataset_Shard_0300000_0399999,1822,330918,332739,1822,1821,1821,0,0,1.0,1.0,1.0,1,1822.0,30.366666666666667,False,False
f10cdSfKzdc,train,1,Dataset_Shard_0300000_0399999,537,332740,333276,537,536,536,0,0,1.0,1.0,1.0,1,537.0,8.95,False,False
fGK4CtMVIGk,train,1,Dataset_Shard_0300000_0399999,751,333277,334027,751,750,750,0,0,1.0,1.0,1.0,1,751.0,12.516666666666667,False,False
fJ0BU_4rY28,train,1,Dataset_Shard_0300000_0399999,568,334028,334595,568,567,567,0,0,1.0,1.0,1.0,1,568.0,9.466666666666667,False,False
fM0ea2tSBNQ,train,1,Dataset_Shard_0300000_0399999,980,334596,335575,980,979,979,0,0,1.0,1.0,1.0,1,980.0,16.333333333333332,False,False
fOLyRAD-0Zw,val,1,Dataset_Shard_0300000_0399999,1162,335576,336737,1162,1161,1161,0,0,1.0,1.0,1.0,1,1162.0,19.366666666666667,False,False
fVXYoBINHcs,train,1,Dataset_Shard_0300000_0399999,1254,336738,337991,1254,1253,1253,0,0,1.0,1.0,1.0,1,1254.0,20.9,False,False
fcmXnubsug8,train,1,Dataset_Shard_0300000_0399999,719,337992,338710,719,718,718,0,0,1.0,1.0,1.0,1,719.0,11.983333333333333,False,False
fj1Kji79nQ8,train,1,Dataset_Shard_0300000_0399999,856,338711,339566,856,855,855,0,0,1.0,1.0,1.0,1,856.0,14.266666666666667,False,False
g0YkYrnLS_A,train,1,Dataset_Shard_0300000_0399999,760,339567,340326,760,759,759,0,0,1.0,1.0,1.0,1,760.0,12.666666666666666,False,False
g6LFKsNbbnw,train,1,Dataset_Shard_0300000_0399999,549,340327,340875,549,548,548,0,0,1.0,1.0,1.0,1,549.0,9.15,False,False
gFTV_Kjw3OE,train,1,Dataset_Shard_0300000_0399999,1401,340876,342276,1401,1400,1400,0,0,1.0,1.0,1.0,1,1401.0,23.35,False,False
gKgHFMHDn3g,train,1,Dataset_Shard_0300000_0399999,724,342277,343000,724,723,723,0,0,1.0,1.0,1.0,1,724.0,12.066666666666666,False,False
gQW3RFC0ofo,train,1,Dataset_Shard_0300000_0399999,588,343001,343588,588,587,587,0,0,1.0,1.0,1.0,1,588.0,9.8,False,False
gQmCY2PXvtQ,train,1,Dataset_Shard_0300000_0399999,1285,343589,344873,1285,1284,1284,0,0,1.0,1.0,1.0,1,1285.0,21.416666666666668,False,False
gRZZVFAq8-s,train,1,Dataset_Shard_0300000_0399999,1738,344874,346611,1738,1737,1737,0,0,1.0,1.0,1.0,1,1738.0,28.966666666666665,False,False
gZNb0Jwiu7c,train,1,Dataset_Shard_0300000_0399999,1517,346612,348128,1517,1516,1516,0,0,1.0,1.0,1.0,1,1517.0,25.283333333333335,False,False
gcMtz5Gyj2A,train,1,Dataset_Shard_0300000_0399999,1247,348129,349375,1247,1246,1246,0,0,1.0,1.0,1.0,1,1247.0,20.783333333333335,False,False
gcsbxVIuYr4,train,1,Dataset_Shard_0300000_0399999,863,349376,350238,863,862,862,0,0,1.0,1.0,1.0,1,863.0,14.383333333333333,False,False
gdh2-9qm8fE,train,1,Dataset_Shard_0300000_0399999,542,350239,350780,542,541,541,0,0,1.0,1.0,1.0,1,542.0,9.033333333333333,False,False
gpSJUuKG1rY,train,1,Dataset_Shard_0300000_0399999,751,350781,351531,751,750,750,0,0,1.0,1.0,1.0,1,751.0,12.516666666666667,False,False
gtUBWqX0ceM,train,1,Dataset_Shard_0300000_0399999,1924,351532,353455,1924,1923,1923,0,0,1.0,1.0,1.0,1,1924.0,32.06666666666667,False,False
h6yjx26N9WE,train,1,Dataset_Shard_0300000_0399999,1923,353456,355378,1923,1922,1922,0,0,1.0,1.0,1.0,1,1923.0,32.05,False,False
hT-ia0Oj-VE,train,1,Dataset_Shard_0300000_0399999,495,355379,355873,495,494,494,0,0,1.0,1.0,1.0,1,495.0,8.25,False,False
hWgU6TyNnkw,val,1,Dataset_Shard_0300000_0399999,703,355874,356576,703,702,702,0,0,1.0,1.0,1.0,1,703.0,11.716666666666667,False,False
hY6RjtE0L18,test,1,Dataset_Shard_0300000_0399999,887,356577,357463,887,886,886,0,0,1.0,1.0,1.0,1,887.0,14.783333333333333,False,False
haSfscv0K_Q,train,1,Dataset_Shard_0300000_0399999,738,357464,358201,738,737,737,0,0,1.0,1.0,1.0,1,738.0,12.3,False,False
hds-48OBLUc,train,1,Dataset_Shard_0300000_0399999,838,358202,359039,838,837,837,0,0,1.0,1.0,1.0,1,838.0,13.966666666666667,False,False
hgp1tH8T4qA,train,1,Dataset_Shard_0300000_0399999,418,359040,359457,418,417,417,0,0,1.0,1.0,1.0,1,418.0,6.966666666666667,False,False
hw40llsYXWQ,train,1,Dataset_Shard_0300000_0399999,1387,359458,360844,1387,1386,1386,0,0,1.0,1.0,1.0,1,1387.0,23.116666666666667,False,False
hyxtYzAFcv8,train,1,Dataset_Shard_0300000_0399999,440,360845,361284,440,439,439,0,0,1.0,1.0,1.0,1,440.0,7.333333333333333,False,False
i4AW7iRDqsU,val,1,Dataset_Shard_0300000_0399999,1430,361285,362714,1430,1429,1429,0,0,1.0,1.0,1.0,1,1430.0,23.833333333333332,False,False
iNEWcQaXeKw,train,1,Dataset_Shard_0300000_0399999,585,362715,363299,585,584,584,0,0,1.0,1.0,1.0,1,585.0,9.75,False,False
if7qojtGe5U,train,1,Dataset_Shard_0300000_0399999,736,363300,364035,736,735,735,0,0,1.0,1.0,1.0,1,736.0,12.266666666666667,False,False
ij9lUf2EqLQ,train,1,Dataset_Shard_0300000_0399999,774,364036,364809,774,773,773,0,0,1.0,1.0,1.0,1,774.0,12.9,False,False
ijkiYD_qvrI,train,1,Dataset_Shard_0300000_0399999,719,364810,365528,719,718,718,0,0,1.0,1.0,1.0,1,719.0,11.983333333333333,False,False
ir37UNwA0L8,train,1,Dataset_Shard_0300000_0399999,1039,365529,366567,1039,1038,1038,0,0,1.0,1.0,1.0,1,1039.0,17.316666666666666,False,False
ivKq1LrQnIw,train,1,Dataset_Shard_0300000_0399999,847,366568,367414,847,846,846,0,0,1.0,1.0,1.0,1,847.0,14.116666666666667,False,False
j9xytCxCRas,train,1,Dataset_Shard_0300000_0399999,602,367415,368016,602,601,601,0,0,1.0,1.0,1.0,1,602.0,10.033333333333333,False,False
jOYC6mxNnOU,train,1,Dataset_Shard_0300000_0399999,518,368017,368534,518,517,517,0,0,1.0,1.0,1.0,1,518.0,8.633333333333333,False,False
jTsp_AmBAo0,train,1,Dataset_Shard_0300000_0399999,466,368535,369000,466,465,465,0,0,1.0,1.0,1.0,1,466.0,7.766666666666667,False,False
jYXIs1jlomo,train,1,Dataset_Shard_0300000_0399999,483,369001,369483,483,482,482,0,0,1.0,1.0,1.0,1,483.0,8.05,False,False
jaAfalvJdzs,train,1,Dataset_Shard_0300000_0399999,505,369484,369988,505,504,504,0,0,1.0,1.0,1.0,1,505.0,8.416666666666666,False,False
jlS3u6WQJ0k,train,1,Dataset_Shard_0300000_0399999,638,369989,370626,638,637,637,0,0,1.0,1.0,1.0,1,638.0,10.633333333333333,False,False
joZScleEqcM,train,1,Dataset_Shard_0300000_0399999,982,370627,371608,982,981,981,0,0,1.0,1.0,1.0,1,982.0,16.366666666666667,False,False
jsECb6fwYeM,train,1,Dataset_Shard_0300000_0399999,460,371609,372068,460,459,459,0,0,1.0,1.0,1.0,1,460.0,7.666666666666667,False,False
jzgW4PGt3XE,val,1,Dataset_Shard_0300000_0399999,1101,372069,373169,1101,1100,1100,0,0,1.0,1.0,1.0,1,1101.0,18.35,False,False
kMMFVGirbAo,test,1,Dataset_Shard_0300000_0399999,1141,373170,374310,1141,1140,1140,0,0,1.0,1.0,1.0,1,1141.0,19.016666666666666,False,False
kOD48vrvC9c,train,1,Dataset_Shard_0300000_0399999,1320,374311,375630,1320,1319,1319,0,0,1.0,1.0,1.0,1,1320.0,22.0,False,False
kTz4ixn3FNQ,train,1,Dataset_Shard_0300000_0399999,648,375631,376278,648,647,647,0,0,1.0,1.0,1.0,1,648.0,10.8,False,False
kkSQWC1v0Zs,train,1,Dataset_Shard_0300000_0399999,483,376279,376761,483,482,482,0,0,1.0,1.0,1.0,1,483.0,8.05,False,False
kmoiuVMBrJg,train,1,Dataset_Shard_0300000_0399999,886,376762,377647,886,885,885,0,0,1.0,1.0,1.0,1,886.0,14.766666666666667,False,False
kwXkEFlx1Q4,train,1,Dataset_Shard_0300000_0399999,1038,377648,378685,1038,1037,1037,0,0,1.0,1.0,1.0,1,1038.0,17.3,False,False
kx4_1AOBE18,train,1,Dataset_Shard_0300000_0399999,467,378686,379152,467,466,466,0,0,1.0,1.0,1.0,1,467.0,7.783333333333333,False,False
kxunkO4v048,val,1,Dataset_Shard_0300000_0399999,1224,379153,380376,1224,1223,1223,0,0,1.0,1.0,1.0,1,1224.0,20.4,False,False
l7F1MHpB1u0,val,1,Dataset_Shard_0300000_0399999,1651,380377,382027,1651,1650,1650,0,0,1.0,1.0,1.0,1,1651.0,27.516666666666666,False,False
lEgp6oBfREo,train,1,Dataset_Shard_0300000_0399999,1216,382028,383243,1216,1215,1215,0,0,1.0,1.0,1.0,1,1216.0,20.266666666666666,False,False
lFhCwScSprM,test,1,Dataset_Shard_0300000_0399999,398,383244,383641,398,397,397,0,0,1.0,1.0,1.0,1,398.0,6.633333333333334,False,False
lMNq15l1QT0,train,1,Dataset_Shard_0300000_0399999,1807,383642,385448,1807,1806,1806,0,0,1.0,1.0,1.0,1,1807.0,30.116666666666667,False,False
lOe0gTapJ1k,train,1,Dataset_Shard_0300000_0399999,937,385449,386385,937,936,936,0,0,1.0,1.0,1.0,1,937.0,15.616666666666667,False,False
lRBRTysHyrA,train,1,Dataset_Shard_0300000_0399999,187,386386,386572,187,186,186,0,0,1.0,1.0,1.0,1,187.0,3.1166666666666667,False,False
lpi9Yuj2Lk_,train,1,Dataset_Shard_0300000_0399999,1112,386573,387684,1112,1111,1111,0,0,1.0,1.0,1.0,1,1112.0,18.533333333333335,False,False
ltNtwExtVa4,train,1,Dataset_Shard_0300000_0399999,1590,387685,389274,1590,1589,1589,0,0,1.0,1.0,1.0,1,1590.0,26.5,False,False
lxHmqyU2TSc,val,1,Dataset_Shard_0300000_0399999,1479,389275,390753,1479,1478,1478,0,0,1.0,1.0,1.0,1,1479.0,24.65,False,False
m6Nb2qOf30Y,train,1,Dataset_Shard_0300000_0399999,485,390754,391238,485,484,484,0,0,1.0,1.0,1.0,1,485.0,8.083333333333334,False,False
m8cxfdV2LB4,train,1,Dataset_Shard_0300000_0399999,983,391239,392221,983,982,982,0,0,1.0,1.0,1.0,1,983.0,16.383333333333333,False,False
mFrrmh9euA4,train,1,Dataset_Shard_0300000_0399999,541,392222,392762,541,540,540,0,0,1.0,1.0,1.0,1,541.0,9.016666666666667,False,False
n-F9z5TA1vE,train,1,Dataset_Shard_0300000_0399999,1715,392763,394477,1715,1714,1714,0,0,1.0,1.0,1.0,1,1715.0,28.583333333333332,False,False
n0gRomV5Gnk,train,1,Dataset_Shard_0300000_0399999,753,394478,395230,753,752,752,0,0,1.0,1.0,1.0,1,753.0,12.55,False,False
n1jA2GVDa-o,train,1,Dataset_Shard_0300000_0399999,640,395231,395870,640,639,639,0,0,1.0,1.0,1.0,1,640.0,10.666666666666666,False,False
n72VzMg9PvU,test,1,Dataset_Shard_0300000_0399999,976,395871,396846,976,975,975,0,0,1.0,1.0,1.0,1,976.0,16.266666666666666,False,False
n7YqEWvxyrA,train,1,Dataset_Shard_0300000_0399999,1164,396847,398010,1164,1163,1163,0,0,1.0,1.0,1.0,1,1164.0,19.4,False,False
nNJK2P8gqPA,train,1,Dataset_Shard_0300000_0399999,1409,398011,399419,1409,1408,1408,0,0,1.0,1.0,1.0,1,1409.0,23.483333333333334,False,False
nNo4Kzvf548,train,1,Dataset_Shard_0300000_0399999,464,399420,399883,464,463,463,0,0,1.0,1.0,1.0,1,464.0,7.733333333333333,False,False
nVCvscVOQJM,test,2,Dataset_Shard_0300000_0399999|Dataset_Shard_0400000_0499999,1150,399884,401033,1150,1149,1149,0,0,1.0,1.0,1.0,1,1150.0,19.166666666666668,True,False
ncA2W_lCihM,test,1,Dataset_Shard_0400000_0499999,613,401034,401646,613,612,612,0,0,1.0,1.0,1.0,1,613.0,10.216666666666667,False,False
ncZh6hd-xIk,train,1,Dataset_Shard_0400000_0499999,1255,401647,402901,1255,1254,1254,0,0,1.0,1.0,1.0,1,1255.0,20.916666666666668,False,False
ng40P4mMO3s,train,1,Dataset_Shard_0400000_0499999,532,402902,403433,532,531,531,0,0,1.0,1.0,1.0,1,532.0,8.866666666666667,False,False
nhbz8VTchUE,train,1,Dataset_Shard_0400000_0499999,1203,403434,404636,1203,1202,1202,0,0,1.0,1.0,1.0,1,1203.0,20.05,False,False
nvGSZykPC-E,train,1,Dataset_Shard_0400000_0499999,1216,404637,405852,1216,1215,1215,0,0,1.0,1.0,1.0,1,1216.0,20.266666666666666,False,False
o4fPTM4nXHA,train,1,Dataset_Shard_0400000_0499999,551,405853,406403,551,550,550,0,0,1.0,1.0,1.0,1,551.0,9.183333333333334,False,False
oKwo2V65yJE,val,1,Dataset_Shard_0400000_0499999,790,406404,407193,790,789,789,0,0,1.0,1.0,1.0,1,790.0,13.166666666666666,False,False
oLt2YHQmxyo,train,1,Dataset_Shard_0400000_0499999,634,407194,407827,634,633,633,0,0,1.0,1.0,1.0,1,634.0,10.566666666666666,False,False
oN1DmJvfFYU,train,1,Dataset_Shard_0400000_0499999,1815,407828,409642,1815,1814,1814,0,0,1.0,1.0,1.0,1,1815.0,30.25,False,False
oOmQQ_LW06o,train,1,Dataset_Shard_0400000_0499999,1563,409643,411205,1563,1562,1562,0,0,1.0,1.0,1.0,1,1563.0,26.05,False,False
oXwNFZng37M,train,1,Dataset_Shard_0400000_0499999,733,411206,411938,733,732,732,0,0,1.0,1.0,1.0,1,733.0,12.216666666666667,False,False
oYJk9jqnp5E,train,1,Dataset_Shard_0400000_0499999,1565,411939,413503,1565,1564,1564,0,0,1.0,1.0,1.0,1,1565.0,26.083333333333332,False,False
odXf_O2kwg8,train,1,Dataset_Shard_0400000_0499999,1499,413504,415002,1499,1498,1498,0,0,1.0,1.0,1.0,1,1499.0,24.983333333333334,False,False
oeJE10KLFIk,train,1,Dataset_Shard_0400000_0499999,808,415003,415810,808,807,807,0,0,1.0,1.0,1.0,1,808.0,13.466666666666667,False,False
og-5KsPqZrA,train,1,Dataset_Shard_0400000_0499999,1071,415811,416881,1071,1070,1070,0,0,1.0,1.0,1.0,1,1071.0,17.85,False,False
oli_KZ4buY_,train,1,Dataset_Shard_0400000_0499999,613,416882,417494,613,612,612,0,0,1.0,1.0,1.0,1,613.0,10.216666666666667,False,False
ooRkX9iO-V8,train,1,Dataset_Shard_0400000_0499999,1978,417495,419472,1978,1977,1977,0,0,1.0,1.0,1.0,1,1978.0,32.96666666666667,False,False
p8-hHmHaQkQ,val,1,Dataset_Shard_0400000_0499999,777,419473,420249,777,776,776,0,0,1.0,1.0,1.0,1,777.0,12.95,False,False
pGv2v2SSQY0,train,1,Dataset_Shard_0400000_0499999,845,420250,421094,845,844,844,0,0,1.0,1.0,1.0,1,845.0,14.083333333333334,False,False
pLCE_Kc3_rs,train,1,Dataset_Shard_0400000_0499999,2720,421095,423814,2720,2719,2719,0,0,1.0,1.0,1.0,1,2720.0,45.333333333333336,False,False
paTT6mFga2A,train,1,Dataset_Shard_0400000_0499999,609,423815,424423,609,608,608,0,0,1.0,1.0,1.0,1,609.0,10.15,False,False
ph67f1KcoCc,train,1,Dataset_Shard_0400000_0499999,591,424424,425014,591,590,590,0,0,1.0,1.0,1.0,1,591.0,9.85,False,False
phc99Ienk8Q,train,1,Dataset_Shard_0400000_0499999,1510,425015,426524,1510,1509,1509,0,0,1.0,1.0,1.0,1,1510.0,25.166666666666668,False,False
py87QzHSZHg,train,1,Dataset_Shard_0400000_0499999,826,426525,427350,826,825,825,0,0,1.0,1.0,1.0,1,826.0,13.766666666666667,False,False
q-XdFFWSAeQ,val,1,Dataset_Shard_0400000_0499999,779,427351,428129,779,778,778,0,0,1.0,1.0,1.0,1,779.0,12.983333333333333,False,False
q4vz6MTv3g8,train,1,Dataset_Shard_0400000_0499999,1227,428130,429356,1227,1226,1226,0,0,1.0,1.0,1.0,1,1227.0,20.45,False,False
qBFGirFLB38,train,1,Dataset_Shard_0400000_0499999,1289,429357,430645,1289,1288,1288,0,0,1.0,1.0,1.0,1,1289.0,21.483333333333334,False,False
qJHtaMqYzd8,train,1,Dataset_Shard_0400000_0499999,1169,430646,431814,1169,1168,1168,0,0,1.0,1.0,1.0,1,1169.0,19.483333333333334,False,False
qUEhPbkqz0w,train,1,Dataset_Shard_0400000_0499999,481,431815,432295,481,480,480,0,0,1.0,1.0,1.0,1,481.0,8.016666666666667,False,False
qkQttwJ0DEY,train,1,Dataset_Shard_0400000_0499999,920,432296,433215,920,919,919,0,0,1.0,1.0,1.0,1,920.0,15.333333333333334,False,False
qnLfS6_QOQc,train,1,Dataset_Shard_0400000_0499999,843,433216,434058,843,842,842,0,0,1.0,1.0,1.0,1,843.0,14.05,False,False
qs-2SwlcufA,train,1,Dataset_Shard_0400000_0499999,1851,434059,435909,1851,1850,1850,0,0,1.0,1.0,1.0,1,1851.0,30.85,False,False
qxwqNmXb_pM,train,1,Dataset_Shard_0400000_0499999,526,435910,436435,526,525,525,0,0,1.0,1.0,1.0,1,526.0,8.766666666666667,False,False
rJL6f0C3zVk,train,1,Dataset_Shard_0400000_0499999,872,436436,437307,872,871,871,0,0,1.0,1.0,1.0,1,872.0,14.533333333333333,False,False
rLlr1JgTkDk,train,1,Dataset_Shard_0400000_0499999,565,437308,437872,565,564,564,0,0,1.0,1.0,1.0,1,565.0,9.416666666666666,False,False
rSvMG28dPqk,test,1,Dataset_Shard_0400000_0499999,860,437873,438732,860,859,859,0,0,1.0,1.0,1.0,1,860.0,14.333333333333334,False,False
rYzVEZZO83c,train,1,Dataset_Shard_0400000_0499999,211,438733,438943,211,210,210,0,0,1.0,1.0,1.0,1,211.0,3.5166666666666666,False,False
rx9tSu1wTeY,train,1,Dataset_Shard_0400000_0499999,815,438944,439758,815,814,814,0,0,1.0,1.0,1.0,1,815.0,13.583333333333334,False,False
sAhIK9HKTqs,train,1,Dataset_Shard_0400000_0499999,919,439759,440677,919,918,918,0,0,1.0,1.0,1.0,1,919.0,15.316666666666666,False,False
sBLH1z63TGw,train,1,Dataset_Shard_0400000_0499999,467,440678,441144,467,466,466,0,0,1.0,1.0,1.0,1,467.0,7.783333333333333,False,False
sM1dnw-TOcE,test,1,Dataset_Shard_0400000_0499999,1066,441145,442210,1066,1065,1065,0,0,1.0,1.0,1.0,1,1066.0,17.766666666666666,False,False
sMUdNbpJLWw,train,1,Dataset_Shard_0400000_0499999,1170,442211,443380,1170,1169,1169,0,0,1.0,1.0,1.0,1,1170.0,19.5,False,False
sTE1jXTBt6s,train,1,Dataset_Shard_0400000_0499999,1597,443381,444977,1597,1596,1596,0,0,1.0,1.0,1.0,1,1597.0,26.616666666666667,False,False
snGQA5LPehE,train,1,Dataset_Shard_0400000_0499999,1006,444978,445983,1006,1005,1005,0,0,1.0,1.0,1.0,1,1006.0,16.766666666666666,False,False
soqNFAIhsEA,train,1,Dataset_Shard_0400000_0499999,671,445984,446654,671,670,670,0,0,1.0,1.0,1.0,1,671.0,11.183333333333334,False,False
tFReD_CSTZQ,test,1,Dataset_Shard_0400000_0499999,1094,446655,447748,1094,1093,1093,0,0,1.0,1.0,1.0,1,1094.0,18.233333333333334,False,False
tIZcUgrcWWc,val,1,Dataset_Shard_0400000_0499999,415,447749,448163,415,414,414,0,0,1.0,1.0,1.0,1,415.0,6.916666666666667,False,False
tKpQA-YM5qw,train,1,Dataset_Shard_0400000_0499999,740,448164,448903,740,739,739,0,0,1.0,1.0,1.0,1,740.0,12.333333333333334,False,False
tMUc1b6NHsk,train,1,Dataset_Shard_0400000_0499999,928,448904,449831,928,927,927,0,0,1.0,1.0,1.0,1,928.0,15.466666666666667,False,False
tTHpaGSDRCA,train,1,Dataset_Shard_0400000_0499999,517,449832,450348,517,516,516,0,0,1.0,1.0,1.0,1,517.0,8.616666666666667,False,False
tUAYRMtMyb0,val,1,Dataset_Shard_0400000_0499999,644,450349,450992,644,643,643,0,0,1.0,1.0,1.0,1,644.0,10.733333333333333,False,False
tVK6t2vfa6g,train,1,Dataset_Shard_0400000_0499999,701,450993,451693,701,700,700,0,0,1.0,1.0,1.0,1,701.0,11.683333333333334,False,False
t_qmGs9IgK4,train,1,Dataset_Shard_0400000_0499999,208,451694,451901,208,207,207,0,0,1.0,1.0,1.0,1,208.0,3.466666666666667,False,False
trD-QUe4ZNU,train,1,Dataset_Shard_0400000_0499999,428,451902,452329,428,427,427,0,0,1.0,1.0,1.0,1,428.0,7.133333333333334,False,False
twyPRvVFhZM,train,1,Dataset_Shard_0400000_0499999,930,452330,453259,930,929,929,0,0,1.0,1.0,1.0,1,930.0,15.5,False,False
uJLCrvIrjqA,train,1,Dataset_Shard_0400000_0499999,1026,453260,454285,1026,1025,1025,0,0,1.0,1.0,1.0,1,1026.0,17.1,False,False
uLa8mjhrP18,test,1,Dataset_Shard_0400000_0499999,1343,454286,455628,1343,1342,1342,0,0,1.0,1.0,1.0,1,1343.0,22.383333333333333,False,False
uNQDRZz4TUU,train,1,Dataset_Shard_0400000_0499999,401,455629,456029,401,400,400,0,0,1.0,1.0,1.0,1,401.0,6.683333333333334,False,False
uaW87-Yz9wQ,test,1,Dataset_Shard_0400000_0499999,709,456030,456738,709,708,708,0,0,1.0,1.0,1.0,1,709.0,11.816666666666666,False,False
udfXY1v4lks,test,1,Dataset_Shard_0400000_0499999,604,456739,457342,604,603,603,0,0,1.0,1.0,1.0,1,604.0,10.066666666666666,False,False
udsPZ1WnDLY,train,1,Dataset_Shard_0400000_0499999,496,457343,457838,496,495,495,0,0,1.0,1.0,1.0,1,496.0,8.266666666666667,False,False
ui7IAukQXtI,train,1,Dataset_Shard_0400000_0499999,925,457839,458763,925,924,924,0,0,1.0,1.0,1.0,1,925.0,15.416666666666666,False,False
ujOANeD1dtA,train,1,Dataset_Shard_0400000_0499999,412,458764,459175,412,411,411,0,0,1.0,1.0,1.0,1,412.0,6.866666666666666,False,False
ukBG8k6dca4,train,1,Dataset_Shard_0400000_0499999,490,459176,459665,490,489,489,0,0,1.0,1.0,1.0,1,490.0,8.166666666666666,False,False
ukn-1au2zeM,train,1,Dataset_Shard_0400000_0499999,462,459666,460127,462,461,461,0,0,1.0,1.0,1.0,1,462.0,7.7,False,False
uu2DI2YM5VY,train,1,Dataset_Shard_0400000_0499999,902,460128,461029,902,901,901,0,0,1.0,1.0,1.0,1,902.0,15.033333333333333,False,False
uwuY48k-xus,train,1,Dataset_Shard_0400000_0499999,1594,461030,462623,1594,1593,1593,0,0,1.0,1.0,1.0,1,1594.0,26.566666666666666,False,False
uyHdKE2S3m8,train,1,Dataset_Shard_0400000_0499999,738,462624,463361,738,737,737,0,0,1.0,1.0,1.0,1,738.0,12.3,False,False
vCp0mrZdlmU,train,1,Dataset_Shard_0400000_0499999,533,463362,463894,533,532,532,0,0,1.0,1.0,1.0,1,533.0,8.883333333333333,False,False
vNuWxJankEQ,train,1,Dataset_Shard_0400000_0499999,774,463895,464668,774,773,773,0,0,1.0,1.0,1.0,1,774.0,12.9,False,False
vrgv_E5pDII,train,1,Dataset_Shard_0400000_0499999,614,464669,465282,614,613,613,0,0,1.0,1.0,1.0,1,614.0,10.233333333333333,False,False
vwz7M5xbztM,train,1,Dataset_Shard_0400000_0499999,597,465283,465879,597,596,596,0,0,1.0,1.0,1.0,1,597.0,9.95,False,False
w40fRDQNQo4,train,1,Dataset_Shard_0400000_0499999,1575,465880,467454,1575,1574,1574,0,0,1.0,1.0,1.0,1,1575.0,26.25,False,False
wNvrCt-FlUo,train,1,Dataset_Shard_0400000_0499999,1281,467455,468735,1281,1280,1280,0,0,1.0,1.0,1.0,1,1281.0,21.35,False,False
wXHNYyQIIA_,train,1,Dataset_Shard_0400000_0499999,791,468736,469526,791,790,790,0,0,1.0,1.0,1.0,1,791.0,13.183333333333334,False,False
wXJY7EQy4Ns,val,1,Dataset_Shard_0400000_0499999,917,469527,470443,917,916,916,0,0,1.0,1.0,1.0,1,917.0,15.283333333333333,False,False
wXQHg2GbOv4,train,1,Dataset_Shard_0400000_0499999,417,470444,470860,417,416,416,0,0,1.0,1.0,1.0,1,417.0,6.95,False,False
wZIPPpbh3_c,train,1,Dataset_Shard_0400000_0499999,747,470861,471607,747,746,746,0,0,1.0,1.0,1.0,1,747.0,12.45,False,False
wi-keYwDk1s,train,1,Dataset_Shard_0400000_0499999,1086,471608,472693,1086,1085,1085,0,0,1.0,1.0,1.0,1,1086.0,18.1,False,False
wt0RIrkrfY_,train,1,Dataset_Shard_0400000_0499999,415,472694,473108,415,414,414,0,0,1.0,1.0,1.0,1,415.0,6.916666666666667,False,False
wxv1SDr8Kck,test,1,Dataset_Shard_0400000_0499999,466,473109,473574,466,465,465,0,0,1.0,1.0,1.0,1,466.0,7.766666666666667,False,False
xHaiHZ9xq9s,train,1,Dataset_Shard_0400000_0499999,797,473575,474371,797,796,796,0,0,1.0,1.0,1.0,1,797.0,13.283333333333333,False,False
xKtXanP9FYk,train,1,Dataset_Shard_0400000_0499999,1312,474372,475683,1312,1311,1311,0,0,1.0,1.0,1.0,1,1312.0,21.866666666666667,False,False
xLp8iOxXFxo,train,1,Dataset_Shard_0400000_0499999,864,475684,476547,864,863,863,0,0,1.0,1.0,1.0,1,864.0,14.4,False,False
xUp_PDUsIyc,val,1,Dataset_Shard_0400000_0499999,645,476548,477192,645,644,644,0,0,1.0,1.0,1.0,1,645.0,10.75,False,False
xVaf2MFNbnY,train,1,Dataset_Shard_0400000_0499999,403,477193,477595,403,402,402,0,0,1.0,1.0,1.0,1,403.0,6.716666666666667,False,False
xfv3d809TTc,test,1,Dataset_Shard_0400000_0499999,981,477596,478576,981,980,980,0,0,1.0,1.0,1.0,1,981.0,16.35,False,False
xjdsZdUofoU,train,1,Dataset_Shard_0400000_0499999,802,478577,479378,802,801,801,0,0,1.0,1.0,1.0,1,802.0,13.366666666666667,False,False
yQGj3B57_Iw,train,1,Dataset_Shard_0400000_0499999,565,479379,479943,565,564,564,0,0,1.0,1.0,1.0,1,565.0,9.416666666666666,False,False
yR15HSy2iYM,train,1,Dataset_Shard_0400000_0499999,1521,479944,481464,1521,1520,1520,0,0,1.0,1.0,1.0,1,1521.0,25.35,False,False
ybDcIfdcUVU,train,1,Dataset_Shard_0400000_0499999,1480,481465,482944,1480,1479,1479,0,0,1.0,1.0,1.0,1,1480.0,24.666666666666668,False,False
ysLwpEhLkqI,val,1,Dataset_Shard_0400000_0499999,1496,482945,484440,1496,1495,1495,0,0,1.0,1.0,1.0,1,1496.0,24.933333333333334,False,False
ytmhoYpa1ws,train,1,Dataset_Shard_0400000_0499999,1379,484441,485819,1379,1378,1378,0,0,1.0,1.0,1.0,1,1379.0,22.983333333333334,False,False
z06sgpMVS10,train,1,Dataset_Shard_0400000_0499999,831,485820,486650,831,830,830,0,0,1.0,1.0,1.0,1,831.0,13.85,False,False
z3mVtH-Jqw4,train,1,Dataset_Shard_0400000_0499999,775,486651,487425,775,774,774,0,0,1.0,1.0,1.0,1,775.0,12.916666666666666,False,False
z4KIYSXA8OY,train,1,Dataset_Shard_0400000_0499999,955,487426,488380,955,954,954,0,0,1.0,1.0,1.0,1,955.0,15.916666666666666,False,False
z4eQhv4jhsU,train,1,Dataset_Shard_0400000_0499999,2336,488381,490716,2336,2335,2335,0,0,1.0,1.0,1.0,1,2336.0,38.93333333333333,False,False
zAmGTHQ8LUI,train,1,Dataset_Shard_0400000_0499999,730,490717,491446,730,729,729,0,0,1.0,1.0,1.0,1,730.0,12.166666666666666,False,False
zHW35Y8ghrY,train,1,Dataset_Shard_0400000_0499999,225,491447,491671,225,224,224,0,0,1.0,1.0,1.0,1,225.0,3.75,False,False
zHY3o_AprOU,test,1,Dataset_Shard_0400000_0499999,486,491672,492157,486,485,485,0,0,1.0,1.0,1.0,1,486.0,8.1,False,False
zUXPNRKCJqk,train,1,Dataset_Shard_0400000_0499999,1541,492158,493698,1541,1540,1540,0,0,1.0,1.0,1.0,1,1541.0,25.683333333333334,False,False
zXVq4sDkwEQ,train,1,Dataset_Shard_0400000_0499999,687,493699,494385,687,686,686,0,0,1.0,1.0,1.0,1,687.0,11.45,False,False
za-_NYW8Mjo,train,1,Dataset_Shard_0400000_0499999,916,494386,495301,916,915,915,0,0,1.0,1.0,1.0,1,916.0,15.266666666666667,False,False
zbn9xbXTC00,train,1,Dataset_Shard_0400000_0499999,764,495302,496065,764,763,763,0,0,1.0,1.0,1.0,1,764.0,12.733333333333333,False,False
zg_dwcSRLxo,val,1,Dataset_Shard_0400000_0499999,954,496066,497019,954,953,953,0,0,1.0,1.0,1.0,1,954.0,15.9,False,False
zjbMfssb9tU,train,1,Dataset_Shard_0400000_0499999,821,497020,497840,821,820,820,0,0,1.0,1.0,1.0,1,821.0,13.683333333333334,False,False
zo9h0PqVn-U,train,1,Dataset_Shard_0400000_0499999,1726,497841,499566,1726,1725,1725,0,0,1.0,1.0,1.0,1,1726.0,28.766666666666666,False,False
zsbl6oa5pGQ,train,2,Dataset_Shard_0400000_0499999|Dataset_Shard_0500000_0599999,940,499567,500506,940,939,939,0,0,1.0,1.0,1.0,1,940.0,15.666666666666666,True,False
