video_id,frames,splits,shards,num_shards,first_frame_id,last_frame_id,frame_id_span,frame_id_gaps,missing_frame_ids,min_frame_step,max_frame_step,continuous,extensions
6ys4etJ1IFg,3462,train,Dataset_Shard_0000000_0099999,1,61461,64922,3462,0,0,1,1,True,
Pft9pKcpJfQ,3447,train,Dataset_Shard_0200000_0299999,1,223418,226864,3447,0,0,1,1,True,
U7HzviIwyfs,3430,train,Dataset_Shard_0200000_0299999,1,259019,262448,3430,0,0,1,1,True,
CRYDNSvrbis,3159,train,Dataset_Shard_0100000_0199999,1,109401,112559,3159,0,0,1,1,True,
pLCE_Kc3_rs,2720,train,Dataset_Shard_0400000_0499999,1,421095,423814,2720,0,0,1,1,True,
LABUp-9fzpo,2509,train,Dataset_Shard_0100000_0199999,1,174737,177245,2509,0,0,1,1,True,
6QNI1KTP-uA,2470,train,Dataset_Shard_0000000_0099999,1,55230,57699,2470,0,0,1,1,True,
OLLAoZsGd0Q,2361,test,Dataset_Shard_0200000_0299999,1,211047,213407,2361,0,0,1,1,True,
D2q4s2rE0s_,2351,train,Dataset_Shard_0100000_0199999,1,117673,120023,2351,0,0,1,1,True,
z4eQhv4jhsU,2336,train,Dataset_Shard_0400000_0499999,1,488381,490716,2336,0,0,1,1,True,
NBZN1K9PE38,2220,train,Dataset_Shard_0100000_0199999,1,195382,197601,2220,0,0,1,1,True,
YweVXE4EVWM,2161,train,Dataset_Shard_0200000_0299999,1,287223,289383,2161,0,0,1,1,True,
9lVD-SGOSjg,2015,train,Dataset_Shard_0000000_0099999,1,83846,85860,2015,0,0,1,1,True,
MO0BNkMVRUM,1988,train,Dataset_Shard_0100000_0199999,1,186737,188724,1988,0,0,1,1,True,
-wUKLCvobpI,1980,test,Dataset_Shard_0000000_0099999,1,5308,7287,1980,0,0,1,1,True,
ooRkX9iO-V8,1978,train,Dataset_Shard_0400000_0499999,1,417495,419472,1978,0,0,1,1,True,
HWcwP-2-gBU,1931,train,Dataset_Shard_0100000_0199999,1,148831,150761,1931,0,0,1,1,True,
XCsmC9bEuDg,1925,train,Dataset_Shard_0200000_0299999,1,274622,276546,1925,0,0,1,1,True,
gtUBWqX0ceM,1924,train,Dataset_Shard_0300000_0399999,1,351532,353455,1924,0,0,1,1,True,
h6yjx26N9WE,1923,train,Dataset_Shard_0300000_0399999,1,353456,355378,1923,0,0,1,1,True,
aykwHkSTKps,1910,train,Dataset_Shard_0200000_0299999,1,297413,299322,1910,0,0,1,1,True,
qs-2SwlcufA,1851,train,Dataset_Shard_0400000_0499999,1,434059,435909,1851,0,0,1,1,True,
J72oRFQXj5o,1839,test,Dataset_Shard_0100000_0199999,1,162817,164655,1839,0,0,1,1,True,
euGB9ACrIrg,1822,train,Dataset_Shard_0300000_0399999,1,330918,332739,1822,0,0,1,1,True,
I3ynWCdH9-Q,1820,test,Dataset_Shard_0100000_0199999,1,152756,154575,1820,0,0,1,1,True,
oN1DmJvfFYU,1815,train,Dataset_Shard_0400000_0499999,1,407828,409642,1815,0,0,1,1,True,
lMNq15l1QT0,1807,train,Dataset_Shard_0300000_0399999,1,383642,385448,1807,0,0,1,1,True,
LsLsb6ON3HA,1792,train,Dataset_Shard_0100000_0199999,1,181163,182954,1792,0,0,1,1,True,
J2BXGfLbEQk,1787,test,Dataset_Shard_0100000_0199999,1,160072,161858,1787,0,0,1,1,True,
3YwJ5Fzodfk,1782,train,Dataset_Shard_0000000_0099999,1,32253,34034,1782,0,0,1,1,True,
gRZZVFAq8-s,1738,train,Dataset_Shard_0300000_0399999,1,344874,346611,1738,0,0,1,1,True,
zo9h0PqVn-U,1726,train,Dataset_Shard_0400000_0499999,1,497841,499566,1726,0,0,1,1,True,
NnlJ2WtQxhw,1724,train,Dataset_Shard_0200000_0299999,1,204858,206581,1724,0,0,1,1,True,
n-F9z5TA1vE,1715,train,Dataset_Shard_0300000_0399999,1,392763,394477,1715,0,0,1,1,True,
KWLQZy3Trfc,1666,train,Dataset_Shard_0100000_0199999,1,170942,172607,1666,0,0,1,1,True,
l7F1MHpB1u0,1651,val,Dataset_Shard_0300000_0399999,1,380377,382027,1651,0,0,1,1,True,
Aymbap8XcG8,1636,train,Dataset_Shard_0000000_0099999,1,97416,99051,1636,0,0,1,1,True,
AKC7bYyldHo,1625,train,Dataset_Shard_0000000_0099999,1,92067,93691,1625,0,0,1,1,True,
QPaAUPP0L2s,1615,train,Dataset_Shard_0200000_0299999,1,232230,233844,1615,0,0,1,1,True,
sTE1jXTBt6s,1597,train,Dataset_Shard_0400000_0499999,1,443381,444977,1597,0,0,1,1,True,
uwuY48k-xus,1594,train,Dataset_Shard_0400000_0499999,1,461030,462623,1594,0,0,1,1,True,
T_FBIBGomLM,1591,train,Dataset_Shard_0200000_0299999,1,253259,254849,1591,0,0,1,1,True,
ltNtwExtVa4,1590,train,Dataset_Shard_0300000_0399999,1,387685,389274,1590,0,0,1,1,True,
De9wq1vFUVo,1589,train,Dataset_Shard_0100000_0199999,1,124103,125691,1589,0,0,1,1,True,
9oBVaGfsKf4,1581,train,Dataset_Shard_0000000_0099999,1,85861,87441,1581,0,0,1,1,True,
w40fRDQNQo4,1575,train,Dataset_Shard_0400000_0499999,1,465880,467454,1575,0,0,1,1,True,
oYJk9jqnp5E,1565,train,Dataset_Shard_0400000_0499999,1,411939,413503,1565,0,0,1,1,True,
oOmQQ_LW06o,1563,train,Dataset_Shard_0400000_0499999,1,409643,411205,1563,0,0,1,1,True,
AXEbpZ0lhEM,1542,train,Dataset_Shard_0000000_0099999,1,94775,96316,1542,0,0,1,1,True,
zUXPNRKCJqk,1541,train,Dataset_Shard_0400000_0499999,1,492158,493698,1541,0,0,1,1,True,
9azhMaMU4Eo,1524,test,Dataset_Shard_0000000_0099999,1,82322,83845,1524,0,0,1,1,True,
yR15HSy2iYM,1521,train,Dataset_Shard_0400000_0499999,1,479944,481464,1521,0,0,1,1,True,
gZNb0Jwiu7c,1517,train,Dataset_Shard_0300000_0399999,1,346612,348128,1517,0,0,1,1,True,
QJ-yAwmzwSs,1513,test,Dataset_Shard_0200000_0299999,1,229788,231300,1513,0,0,1,1,True,
phc99Ienk8Q,1510,train,Dataset_Shard_0400000_0499999,1,425015,426524,1510,0,0,1,1,True,
Bdy36xv68Fs,1499,train,Dataset_Shard_0100000_0199999,1,103283,104781,1499,0,0,1,1,True,
odXf_O2kwg8,1499,train,Dataset_Shard_0400000_0499999,1,413504,415002,1499,0,0,1,1,True,
ysLwpEhLkqI,1496,val,Dataset_Shard_0400000_0499999,1,482945,484440,1496,0,0,1,1,True,
ybDcIfdcUVU,1480,train,Dataset_Shard_0400000_0499999,1,481465,482944,1480,0,0,1,1,True,
lxHmqyU2TSc,1479,val,Dataset_Shard_0300000_0399999,1,389275,390753,1479,0,0,1,1,True,
0FxsmwVeriw,1478,train,Dataset_Shard_0000000_0099999,1,7667,9144,1478,0,0,1,1,True,
4FjwzNlLCdU,1475,train,Dataset_Shard_0000000_0099999,1,38382,39856,1475,0,0,1,1,True,
Ctp1DySPKS0,1475,train,Dataset_Shard_0100000_0199999,1,115400,116874,1475,0,0,1,1,True,
7ZUOn2pZRls,1462,train,Dataset_Shard_0000000_0099999,1,68943,70404,1462,0,0,1,1,True,
bGaEvKvZWas,1459,train,Dataset_Shard_0300000_0399999,1,302733,304191,1459,0,0,1,1,True,
bDs_lr_2dpg,1452,train,Dataset_Shard_0300000_0399999,1,301119,302570,1452,0,0,1,1,True,
5USYVhzhMes,1447,train,Dataset_Shard_0000000_0099999,1,49947,51393,1447,0,0,1,1,True,
2RUNdnb2B1w,1437,val,Dataset_Shard_0000000_0099999,1,25734,27170,1437,0,0,1,1,True,
i4AW7iRDqsU,1430,val,Dataset_Shard_0300000_0399999,1,361285,362714,1430,0,0,1,1,True,
ciLvB2zwaOE,1424,train,Dataset_Shard_0300000_0399999,1,315000,316423,1424,0,0,1,1,True,
cPcyix9lBG0,1419,train,Dataset_Shard_0300000_0399999,1,312591,314009,1419,0,0,1,1,True,
MQ0rcxyT_18,1416,train,Dataset_Shard_0100000_0199999,1,188725,190140,1416,0,0,1,1,True,
cxKVZ0NO0V4,1416,train,Dataset_Shard_0300000_0399999,1,317538,318953,1416,0,0,1,1,True,
nNJK2P8gqPA,1409,train,Dataset_Shard_0300000_0399999,1,398011,399419,1409,0,0,1,1,True,
77rVIqWlxNU,1408,train,Dataset_Shard_0000000_0099999,1,64923,66330,1408,0,0,1,1,True,
E5eP26MKE98,1407,train,Dataset_Shard_0100000_0199999,1,130174,131580,1407,0,0,1,1,True,
gFTV_Kjw3OE,1401,train,Dataset_Shard_0300000_0399999,1,340876,342276,1401,0,0,1,1,True,
hw40llsYXWQ,1387,train,Dataset_Shard_0300000_0399999,1,359458,360844,1387,0,0,1,1,True,
-J04CE5dA74,1382,train,Dataset_Shard_0000000_0099999,1,539,1920,1382,0,0,1,1,True,
ytmhoYpa1ws,1379,train,Dataset_Shard_0400000_0499999,1,484441,485819,1379,0,0,1,1,True,
SjbNwQc9Uko,1353,train,Dataset_Shard_0200000_0299999,1,245621,246973,1353,0,0,1,1,True,
1FhZqPfKWjE,1351,train,Dataset_Shard_0000000_0099999,1,17392,18742,1351,0,0,1,1,True,
RXnWs2i_f2w,1351,train,Dataset_Shard_0200000_0299999,1,239502,240852,1351,0,0,1,1,True,
DOjCrrrGa5s,1348,train,Dataset_Shard_0100000_0199999,1,120996,122343,1348,0,0,1,1,True,
Nt95VxNw1JA,1348,train,Dataset_Shard_0200000_0299999,1,207204,208551,1348,0,0,1,1,True,
bQ869A6Z27I,1344,train,Dataset_Shard_0300000_0399999,1,304192,305535,1344,0,0,1,1,True,
uLa8mjhrP18,1343,test,Dataset_Shard_0400000_0499999,1,454286,455628,1343,0,0,1,1,True,
1ER3kxd2RvQ,1340,train,Dataset_Shard_0000000_0099999,1,16052,17391,1340,0,0,1,1,True,
ePQhPKVW2vk,1333,train,Dataset_Shard_0300000_0399999,1,327276,328608,1333,0,0,1,1,True,
TMhssQ2rLOc,1331,val,Dataset_Shard_0200000_0299999,1,251928,253258,1331,0,0,1,1,True,
NjNROlXjW5I,1328,train,Dataset_Shard_0200000_0299999,1,203530,204857,1328,0,0,1,1,True,
kOD48vrvC9c,1320,train,Dataset_Shard_0300000_0399999,1,374311,375630,1320,0,0,1,1,True,
xKtXanP9FYk,1312,train,Dataset_Shard_0400000_0499999,1,474372,475683,1312,0,0,1,1,True,
0ZSqAjagrVo,1307,train,Dataset_Shard_0000000_0099999,1,11270,12576,1307,0,0,1,1,True,
RjAhTdGaZpw,1303,train,Dataset_Shard_0200000_0299999,1,240853,242155,1303,0,0,1,1,True,
qBFGirFLB38,1289,train,Dataset_Shard_0400000_0499999,1,429357,430645,1289,0,0,1,1,True,
gQmCY2PXvtQ,1285,train,Dataset_Shard_0300000_0399999,1,343589,344873,1285,0,0,1,1,True,
QGuO3Ikm9L0,1283,train,Dataset_Shard_0200000_0299999,1,228505,229787,1283,0,0,1,1,True,
wNvrCt-FlUo,1281,train,Dataset_Shard_0400000_0499999,1,467455,468735,1281,0,0,1,1,True,
SWqtN9u71FI,1276,train,Dataset_Shard_0200000_0299999,1,244345,245620,1276,0,0,1,1,True,
Fi_z7GBejhs,1275,train,Dataset_Shard_0100000_0199999,1,141467,142741,1275,0,0,1,1,True,
24jIoFvJ_7o,1271,val,Dataset_Shard_0000000_0099999,1,22833,24103,1271,0,0,1,1,True,
LxB4fZIr6QM,1269,train,Dataset_Shard_0100000_0199999,1,182955,184223,1269,0,0,1,1,True,
A2dimG5cbgc,1268,train,Dataset_Shard_0000000_0099999,1,88781,90048,1268,0,0,1,1,True,
AE1Dd0KPmlw,1258,train,Dataset_Shard_0000000_0099999,1,90049,91306,1258,0,0,1,1,True,
ncZh6hd-xIk,1255,train,Dataset_Shard_0400000_0499999,1,401647,402901,1255,0,0,1,1,True,
fVXYoBINHcs,1254,train,Dataset_Shard_0300000_0399999,1,336738,337991,1254,0,0,1,1,True,
MoldpStWdSM,1247,train,Dataset_Shard_0100000_0199999,1,191993,193239,1247,0,0,1,1,True,
gcMtz5Gyj2A,1247,train,Dataset_Shard_0300000_0399999,1,348129,349375,1247,0,0,1,1,True,
CiYlq0pHhnM,1239,train,Dataset_Shard_0100000_0199999,1,113135,114373,1239,0,0,1,1,True,
aKAbodQ83uk,1234,train,Dataset_Shard_0200000_0299999,1,294315,295548,1234,0,0,1,1,True,
9AE2GviExXs,1233,train,Dataset_Shard_0000000_0099999,1,80324,81556,1233,0,0,1,1,True,
q4vz6MTv3g8,1227,train,Dataset_Shard_0400000_0499999,1,428130,429356,1227,0,0,1,1,True,
OOXpm9RUBr4,1224,train,Dataset_Shard_0200000_0299999,1,213408,214631,1224,0,0,1,1,True,
kxunkO4v048,1224,val,Dataset_Shard_0300000_0399999,1,379153,380376,1224,0,0,1,1,True,
0U2jrFZuBZM,1221,train,Dataset_Shard_0000000_0099999,1,10049,11269,1221,0,0,1,1,True,
JricrURk4aQ,1221,train,Dataset_Shard_0100000_0199999,1,168023,169243,1221,0,0,1,1,True,
R8C5qDxBYj0,1221,train,Dataset_Shard_0200000_0299999,1,236759,237979,1221,0,0,1,1,True,
5sNeoy5PKug,1220,train,Dataset_Shard_0000000_0099999,1,52201,53420,1220,0,0,1,1,True,
dtf0Qt8rCPE,1220,train,Dataset_Shard_0300000_0399999,1,321556,322775,1220,0,0,1,1,True,
5smiMjCVrkg,1216,train,Dataset_Shard_0000000_0099999,1,53421,54636,1216,0,0,1,1,True,
lEgp6oBfREo,1216,train,Dataset_Shard_0300000_0399999,1,382028,383243,1216,0,0,1,1,True,
nvGSZykPC-E,1216,train,Dataset_Shard_0400000_0499999,1,404637,405852,1216,0,0,1,1,True,
e6FMbxEpdus,1214,val,Dataset_Shard_0300000_0399999,1,324175,325388,1214,0,0,1,1,True,
K_9S0CZoNLw,1210,train,Dataset_Shard_0100000_0199999,1,172608,173817,1210,0,0,1,1,True,
51bXx1vyjBE,1207,train,Dataset_Shard_0000000_0099999,1,44309,45515,1207,0,0,1,1,True,
7HV-wL3jJ5U,1203,val,Dataset_Shard_0000000_0099999,1,66789,67991,1203,0,0,1,1,True,
nhbz8VTchUE,1203,train,Dataset_Shard_0400000_0499999,1,403434,404636,1203,0,0,1,1,True,
PfsdriLJNvI,1200,test,Dataset_Shard_0200000_0299999,1,222218,223417,1200,0,0,1,1,True,
-VAjjH6TTts,1194,test,Dataset_Shard_0000000_0099999,1,2378,3571,1194,0,0,1,1,True,
DlBR2IuS-_Q,1182,train,Dataset_Shard_0100000_0199999,1,126502,127683,1182,0,0,1,1,True,
Nd5eAZn0k8Q,1178,train,Dataset_Shard_0200000_0299999,1,201775,202952,1178,0,0,1,1,True,
sMUdNbpJLWw,1170,train,Dataset_Shard_0400000_0499999,1,442211,443380,1170,0,0,1,1,True,
qJHtaMqYzd8,1169,train,Dataset_Shard_0400000_0499999,1,430646,431814,1169,0,0,1,1,True,
n7YqEWvxyrA,1164,train,Dataset_Shard_0300000_0399999,1,396847,398010,1164,0,0,1,1,True,
L_MDy-YN-qU,1163,val,Dataset_Shard_0100000_0199999,1,179742,180904,1163,0,0,1,1,True,
fOLyRAD-0Zw,1162,val,Dataset_Shard_0300000_0399999,1,335576,336737,1162,0,0,1,1,True,
FzpQ92s8Idw,1157,train,Dataset_Shard_0100000_0199999,1,142742,143898,1157,0,0,1,1,True,
5HzD-gmSlU0,1152,train,Dataset_Shard_0000000_0099999,1,48263,49414,1152,0,0,1,1,True,
nVCvscVOQJM,1150,test,Dataset_Shard_0300000_0399999|Dataset_Shard_0400000_0499999,2,399884,401033,1150,0,0,1,1,True,
b7nnK-iWh_s,1149,train,Dataset_Shard_0200000_0299999|Dataset_Shard_0300000_0399999,2,299970,301118,1149,0,0,1,1,True,
5GLtwzZw3tc,1146,train,Dataset_Shard_0000000_0099999,1,47117,48262,1146,0,0,1,1,True,
kMMFVGirbAo,1141,test,Dataset_Shard_0300000_0399999,1,373170,374310,1141,0,0,1,1,True,
TDCUZ3rN6H8,1138,train,Dataset_Shard_0200000_0299999,1,249990,251127,1138,0,0,1,1,True,
lpi9Yuj2Lk_,1112,train,Dataset_Shard_0300000_0399999,1,386573,387684,1112,0,0,1,1,True,
SpUWKtLtTN8,1111,train,Dataset_Shard_0200000_0299999,1,246974,248084,1111,0,0,1,1,True,
P42sNbDRQVI,1102,train,Dataset_Shard_0200000_0299999,1,215071,216172,1102,0,0,1,1,True,
8BgfmtrtmLI,1101,train,Dataset_Shard_0000000_0099999,1,73813,74913,1101,0,0,1,1,True,
jzgW4PGt3XE,1101,val,Dataset_Shard_0300000_0399999,1,372069,373169,1101,0,0,1,1,True,
LY8eSMG5Zg_,1100,train,Dataset_Shard_0100000_0199999,1,178642,179741,1100,0,0,1,1,True,
MKXS5-a6wB4,1100,train,Dataset_Shard_0100000_0199999,1,185637,186736,1100,0,0,1,1,True,
eg5ydF06A9U,1099,train,Dataset_Shard_0300000_0399999,1,329457,330555,1099,0,0,1,1,True,
FF6KGtNtiwQ,1098,train,Dataset_Shard_0100000_0199999,1,135603,136700,1098,0,0,1,1,True,
3PHrXAE7new,1095,val,Dataset_Shard_0000000_0099999,1,31158,32252,1095,0,0,1,1,True,
FhpkDxLChRA,1094,train,Dataset_Shard_0100000_0199999,1,140373,141466,1094,0,0,1,1,True,
tFReD_CSTZQ,1094,test,Dataset_Shard_0400000_0499999,1,446655,447748,1094,0,0,1,1,True,
wi-keYwDk1s,1086,train,Dataset_Shard_0400000_0499999,1,471608,472693,1086,0,0,1,1,True,
Ursk6DLqdv4,1083,train,Dataset_Shard_0200000_0299999,1,266380,267462,1083,0,0,1,1,True,
DZHdNtwKBMo,1079,train,Dataset_Shard_0100000_0199999,1,123024,124102,1079,0,0,1,1,True,
aIi6zkwglCM,1078,train,Dataset_Shard_0200000_0299999,1,293237,294314,1078,0,0,1,1,True,
4OwtoyYoSKY,1075,train,Dataset_Shard_0000000_0099999,1,40739,41813,1075,0,0,1,1,True,
Xkv0iBd50dQ,1073,train,Dataset_Shard_0200000_0299999,1,279759,280831,1073,0,0,1,1,True,
og-5KsPqZrA,1071,train,Dataset_Shard_0400000_0499999,1,415811,416881,1071,0,0,1,1,True,
sM1dnw-TOcE,1066,test,Dataset_Shard_0400000_0499999,1,441145,442210,1066,0,0,1,1,True,
YBdiEmhvUL4,1062,val,Dataset_Shard_0200000_0299999,1,281410,282471,1062,0,0,1,1,True,
UhLOi799970,1059,train,Dataset_Shard_0200000_0299999,1,265321,266379,1059,0,0,1,1,True,
6oSMlrVPW8w,1056,train,Dataset_Shard_0000000_0099999,1,58884,59939,1056,0,0,1,1,True,
F89GbwV1duU,1052,train,Dataset_Shard_0100000_0199999,1,134551,135602,1052,0,0,1,1,True,
2KbVOj8YcRw,1046,train,Dataset_Shard_0000000_0099999,1,24688,25733,1046,0,0,1,1,True,
SrkeG7CkkJY,1046,train,Dataset_Shard_0200000_0299999,1,248085,249130,1046,0,0,1,1,True,
bkQ5uGu5qE8,1045,train,Dataset_Shard_0300000_0399999,1,306193,307237,1045,0,0,1,1,True,
NTTKigtDFOM,1044,val,Dataset_Shard_0100000_0199999|Dataset_Shard_0200000_0299999,2,199899,200942,1044,0,0,1,1,True,
Mb1sAgqD2zk,1041,train,Dataset_Shard_0100000_0199999,1,190952,191992,1041,0,0,1,1,True,
ir37UNwA0L8,1039,train,Dataset_Shard_0300000_0399999,1,365529,366567,1039,0,0,1,1,True,
kwXkEFlx1Q4,1038,train,Dataset_Shard_0300000_0399999,1,377648,378685,1038,0,0,1,1,True,
FUGgFV3WFig,1035,train,Dataset_Shard_0100000_0199999,1,139338,140372,1035,0,0,1,1,True,
Yg5Ssy3qkgQ,1035,train,Dataset_Shard_0200000_0299999,1,285356,286390,1035,0,0,1,1,True,
Cl1w60d8Tqc,1026,train,Dataset_Shard_0100000_0199999,1,114374,115399,1026,0,0,1,1,True,
uJLCrvIrjqA,1026,train,Dataset_Shard_0400000_0499999,1,453260,454285,1026,0,0,1,1,True,
CIc39aXlHRY,1023,train,Dataset_Shard_0100000_0199999,1,106843,107865,1023,0,0,1,1,True,
5Cq1OqWFAzw,1020,test,Dataset_Shard_0000000_0099999,1,46097,47116,1020,0,0,1,1,True,
CIkvuF5f6ak,1020,val,Dataset_Shard_0100000_0199999,1,107866,108885,1020,0,0,1,1,True,
2aDuMKNR8Z0,1008,train,Dataset_Shard_0000000_0099999,1,28113,29120,1008,0,0,1,1,True,
TqH1zY7HkZE,1008,train,Dataset_Shard_0200000_0299999,1,256854,257861,1008,0,0,1,1,True,
8rYV4ViS9U4,1007,train,Dataset_Shard_0000000_0099999,1,77659,78665,1007,0,0,1,1,True,
snGQA5LPehE,1006,train,Dataset_Shard_0400000_0499999,1,444978,445983,1006,0,0,1,1,True,
8e9ejcfVQfY,1004,test,Dataset_Shard_0000000_0099999,1,75681,76684,1004,0,0,1,1,True,
IWAeIhWK8k0,991,train,Dataset_Shard_0100000_0199999,1,156414,157404,991,0,0,1,1,True,
FFcXOiRGMaU,990,train,Dataset_Shard_0100000_0199999,1,136701,137690,990,0,0,1,1,True,
m8cxfdV2LB4,983,train,Dataset_Shard_0300000_0399999,1,391239,392221,983,0,0,1,1,True,
joZScleEqcM,982,train,Dataset_Shard_0300000_0399999,1,370627,371608,982,0,0,1,1,True,
PAp-oCbJbao,981,train,Dataset_Shard_0200000_0299999,1,216173,217153,981,0,0,1,1,True,
xfv3d809TTc,981,test,Dataset_Shard_0400000_0499999,1,477596,478576,981,0,0,1,1,True,
fM0ea2tSBNQ,980,train,Dataset_Shard_0300000_0399999,1,334596,335575,980,0,0,1,1,True,
n72VzMg9PvU,976,test,Dataset_Shard_0300000_0399999,1,395871,396846,976,0,0,1,1,True,
DwsiVdwkl_M,975,train,Dataset_Shard_0100000_0199999,1,128331,129305,975,0,0,1,1,True,
4ZL5KtH01eQ,974,train,Dataset_Shard_0000000_0099999,1,41814,42787,974,0,0,1,1,True,
8efNcdaz4zU,974,train,Dataset_Shard_0000000_0099999,1,76685,77658,974,0,0,1,1,True,
DN3a8fF6FtU,972,train,Dataset_Shard_0100000_0199999,1,120024,120995,972,0,0,1,1,True,
NxPc-RxaurE,968,val,Dataset_Shard_0200000_0299999,1,209077,210044,968,0,0,1,1,True,
Q3-hgENLscU,968,train,Dataset_Shard_0200000_0299999,1,227537,228504,968,0,0,1,1,True,
J2x0zNcfLzg,958,test,Dataset_Shard_0100000_0199999,1,161859,162816,958,0,0,1,1,True,
z4KIYSXA8OY,955,train,Dataset_Shard_0400000_0499999,1,487426,488380,955,0,0,1,1,True,
zg_dwcSRLxo,954,val,Dataset_Shard_0400000_0499999,1,496066,497019,954,0,0,1,1,True,
UTkGQGJkQcM,953,train,Dataset_Shard_0200000_0299999,1,263727,264679,953,0,0,1,1,True,
7Uke7HVpaeA,951,train,Dataset_Shard_0000000_0099999,1,67992,68942,951,0,0,1,1,True,
2ZnT6CqmPoQ,942,train,Dataset_Shard_0000000_0099999,1,27171,28112,942,0,0,1,1,True,
zsbl6oa5pGQ,940,train,Dataset_Shard_0400000_0499999|Dataset_Shard_0500000_0599999,2,499567,500506,940,0,0,1,1,True,
lOe0gTapJ1k,937,train,Dataset_Shard_0300000_0399999,1,385449,386385,937,0,0,1,1,True,
R2AgAYViA-Q,935,train,Dataset_Shard_0200000_0299999,1,235824,236758,935,0,0,1,1,True,
HrG_CiyMH7A,933,train,Dataset_Shard_0100000_0199999,1,150762,151694,933,0,0,1,1,True,
twyPRvVFhZM,930,train,Dataset_Shard_0400000_0499999,1,452330,453259,930,0,0,1,1,True,
K1-1564mVaE,929,train,Dataset_Shard_0100000_0199999,1,169244,170172,929,0,0,1,1,True,
QLqrGlVdPCw,929,test,Dataset_Shard_0200000_0299999,1,231301,232229,929,0,0,1,1,True,
tMUc1b6NHsk,928,train,Dataset_Shard_0400000_0499999,1,448904,449831,928,0,0,1,1,True,
Mwqts-3PkoQ,927,train,Dataset_Shard_0100000_0199999,1,193787,194713,927,0,0,1,1,True,
ui7IAukQXtI,925,train,Dataset_Shard_0400000_0499999,1,457839,458763,925,0,0,1,1,True,
IwlK3JWqWhA,923,train,Dataset_Shard_0100000_0199999,1,159149,160071,923,0,0,1,1,True,
7nFvvB200qQ,922,train,Dataset_Shard_0000000_0099999,1,70859,71780,922,0,0,1,1,True,
JF1WHXagVBg,922,train,Dataset_Shard_0100000_0199999,1,165343,166264,922,0,0,1,1,True,
Wxgkda9YiHw,922,train,Dataset_Shard_0200000_0299999,1,271510,272431,922,0,0,1,1,True,
BDFwFmaztC0,920,train,Dataset_Shard_0100000_0199999,1,101218,102137,920,0,0,1,1,True,
qkQttwJ0DEY,920,train,Dataset_Shard_0400000_0499999,1,432296,433215,920,0,0,1,1,True,
Xb5EGVKJPoI,919,train,Dataset_Shard_0200000_0299999,1,278218,279136,919,0,0,1,1,True,
sAhIK9HKTqs,919,train,Dataset_Shard_0400000_0499999,1,439759,440677,919,0,0,1,1,True,
wXJY7EQy4Ns,917,val,Dataset_Shard_0400000_0499999,1,469527,470443,917,0,0,1,1,True,
za-_NYW8Mjo,916,train,Dataset_Shard_0400000_0499999,1,494386,495301,916,0,0,1,1,True,
-jo_cPHYmjg,915,test,Dataset_Shard_0000000_0099999,1,4109,5023,915,0,0,1,1,True,
B5IAda_ZR3Q,906,train,Dataset_Shard_0100000_0199999,1,100312,101217,906,0,0,1,1,True,
PCuj0aU8-4E,905,train,Dataset_Shard_0200000_0299999,1,217666,218570,905,0,0,1,1,True,
uu2DI2YM5VY,902,train,Dataset_Shard_0400000_0499999,1,460128,461029,902,0,0,1,1,True,
87ygy8_a7Uk,893,train,Dataset_Shard_0000000_0099999,1,72920,73812,893,0,0,1,1,True,
Zcn7rbz3Xqc,893,train,Dataset_Shard_0200000_0299999,1,292344,293236,893,0,0,1,1,True,
hY6RjtE0L18,887,test,Dataset_Shard_0300000_0399999,1,356577,357463,887,0,0,1,1,True,
kmoiuVMBrJg,886,train,Dataset_Shard_0300000_0399999,1,376762,377647,886,0,0,1,1,True,
FNFe75hIKd4,885,train,Dataset_Shard_0100000_0199999,1,138453,139337,885,0,0,1,1,True,
X7orN2iRgls,884,train,Dataset_Shard_0200000_0299999,1,273738,274621,884,0,0,1,1,True,
4KfWaQz2Qxg,882,train,Dataset_Shard_0000000_0099999,1,39857,40738,882,0,0,1,1,True,
bnVPLUTCR7U,879,train,Dataset_Shard_0300000_0399999,1,307238,308116,879,0,0,1,1,True,
e0x_uAwuUVE,878,val,Dataset_Shard_0300000_0399999,1,322776,323653,878,0,0,1,1,True,
M0U21_jIkjs,876,train,Dataset_Shard_0100000_0199999,1,184224,185099,876,0,0,1,1,True,
PGb6eporHd4,874,train,Dataset_Shard_0200000_0299999,1,219335,220208,874,0,0,1,1,True,
TlGCU7dVYvo,874,train,Dataset_Shard_0200000_0299999,1,255641,256514,874,0,0,1,1,True,
btNRAupsVCA,873,train,Dataset_Shard_0300000_0399999,1,308117,308989,873,0,0,1,1,True,
rJL6f0C3zVk,872,train,Dataset_Shard_0400000_0499999,1,436436,437307,872,0,0,1,1,True,
4EtAcruEhTI,870,train,Dataset_Shard_0000000_0099999,1,36951,37820,870,0,0,1,1,True,
1jkQfyIl7Kg,868,train,Dataset_Shard_0000000_0099999,1,21312,22179,868,0,0,1,1,True,
EQhbPGMfvZU,866,train,Dataset_Shard_0100000_0199999,1,132277,133142,866,0,0,1,1,True,
PVyHZ65Fny0,866,train,Dataset_Shard_0200000_0299999,1,221352,222217,866,0,0,1,1,True,
xLp8iOxXFxo,864,train,Dataset_Shard_0400000_0499999,1,475684,476547,864,0,0,1,1,True,
eAyLA25v2ls,863,train,Dataset_Shard_0300000_0399999,1,325389,326251,863,0,0,1,1,True,
gcsbxVIuYr4,863,train,Dataset_Shard_0300000_0399999,1,349376,350238,863,0,0,1,1,True,
rSvMG28dPqk,860,test,Dataset_Shard_0400000_0499999,1,437873,438732,860,0,0,1,1,True,
SsxtoWJHb4o,859,train,Dataset_Shard_0200000_0299999,1,249131,249989,859,0,0,1,1,True,
fj1Kji79nQ8,856,train,Dataset_Shard_0300000_0399999,1,338711,339566,856,0,0,1,1,True,
0zLSpoyKV_A,852,train,Dataset_Shard_0000000_0099999,1,14372,15223,852,0,0,1,1,True,
YNJTgfO5Mvs,851,val,Dataset_Shard_0200000_0299999,1,283066,283916,851,0,0,1,1,True,
eVYUkO383bM,848,train,Dataset_Shard_0300000_0399999,1,328609,329456,848,0,0,1,1,True,
ivKq1LrQnIw,847,train,Dataset_Shard_0300000_0399999,1,366568,367414,847,0,0,1,1,True,
96ChCVGsYPM,846,train,Dataset_Shard_0000000_0099999,1,79478,80323,846,0,0,1,1,True,
Gi3eUcsqhks,846,train,Dataset_Shard_0100000_0199999,1,146306,147151,846,0,0,1,1,True,
d9IvvjcFxp8,846,train,Dataset_Shard_0300000_0399999,1,319551,320396,846,0,0,1,1,True,
pGv2v2SSQY0,845,train,Dataset_Shard_0400000_0499999,1,420250,421094,845,0,0,1,1,True,
6rdUDJMfJQc,843,train,Dataset_Shard_0000000_0099999,1,59940,60782,843,0,0,1,1,True,
qnLfS6_QOQc,843,train,Dataset_Shard_0400000_0499999,1,433216,434058,843,0,0,1,1,True,
ZBsE2JWimj0,842,train,Dataset_Shard_0200000_0299999,1,289882,290723,842,0,0,1,1,True,
hds-48OBLUc,838,train,Dataset_Shard_0300000_0399999,1,358202,359039,838,0,0,1,1,True,
NTl51OfTzPY,832,train,Dataset_Shard_0200000_0299999,1,200943,201774,832,0,0,1,1,True,
z06sgpMVS10,831,train,Dataset_Shard_0400000_0499999,1,485820,486650,831,0,0,1,1,True,
10gPc7VqgJk,828,train,Dataset_Shard_0000000_0099999,1,15224,16051,828,0,0,1,1,True,
py87QzHSZHg,826,train,Dataset_Shard_0400000_0499999,1,426525,427350,826,0,0,1,1,True,
zjbMfssb9tU,821,train,Dataset_Shard_0400000_0499999,1,497020,497840,821,0,0,1,1,True,
1hla9mZZWKM,817,train,Dataset_Shard_0000000_0099999,1,20495,21311,817,0,0,1,1,True,
rx9tSu1wTeY,815,train,Dataset_Shard_0400000_0499999,1,438944,439758,815,0,0,1,1,True,
91wTIWNvkCg,812,train,Dataset_Shard_0000000_0099999,1,78666,79477,812,0,0,1,1,True,
AOHQ0aYQ4QI,811,train,Dataset_Shard_0000000_0099999,1,93692,94502,811,0,0,1,1,True,
MWvT1QbVPW4,811,val,Dataset_Shard_0100000_0199999,1,190141,190951,811,0,0,1,1,True,
DhitzRyJg4k,810,train,Dataset_Shard_0100000_0199999,1,125692,126501,810,0,0,1,1,True,
oeJE10KLFIk,808,train,Dataset_Shard_0400000_0499999,1,415003,415810,808,0,0,1,1,True,
5oBOMUXaJwc,807,test,Dataset_Shard_0000000_0099999,1,51394,52200,807,0,0,1,1,True,
xjdsZdUofoU,802,train,Dataset_Shard_0400000_0499999,1,478577,479378,802,0,0,1,1,True,
TLUD5I3rzoc,800,train,Dataset_Shard_0200000_0299999,1,251128,251927,800,0,0,1,1,True,
QULIHG8qXNw,799,test,Dataset_Shard_0200000_0299999,1,234474,235272,799,0,0,1,1,True,
CzkK0xSXUMs,798,test,Dataset_Shard_0100000_0199999,1,116875,117672,798,0,0,1,1,True,
xHaiHZ9xq9s,797,train,Dataset_Shard_0400000_0499999,1,473575,474371,797,0,0,1,1,True,
TcjaEAyS8ts,791,train,Dataset_Shard_0200000_0299999,1,254850,255640,791,0,0,1,1,True,
wXHNYyQIIA_,791,train,Dataset_Shard_0400000_0499999,1,468736,469526,791,0,0,1,1,True,
oKwo2V65yJE,790,val,Dataset_Shard_0400000_0499999,1,406404,407193,790,0,0,1,1,True,
1heJXaiMZBw,786,train,Dataset_Shard_0000000_0099999,1,19709,20494,786,0,0,1,1,True,
3cwtNTYOszU,783,test,Dataset_Shard_0000000_0099999,1,34035,34817,783,0,0,1,1,True,
q-XdFFWSAeQ,779,val,Dataset_Shard_0400000_0499999,1,427351,428129,779,0,0,1,1,True,
p8-hHmHaQkQ,777,val,Dataset_Shard_0400000_0499999,1,419473,420249,777,0,0,1,1,True,
z3mVtH-Jqw4,775,train,Dataset_Shard_0400000_0499999,1,486651,487425,775,0,0,1,1,True,
ij9lUf2EqLQ,774,train,Dataset_Shard_0300000_0399999,1,364036,364809,774,0,0,1,1,True,
vNuWxJankEQ,774,train,Dataset_Shard_0400000_0499999,1,463895,464668,774,0,0,1,1,True,
C09ZpevuOVk,770,train,Dataset_Shard_0100000_0199999,1,105383,106152,770,0,0,1,1,True,
Al4Q6ORp6CQ,769,val,Dataset_Shard_0000000_0099999,1,96317,97085,769,0,0,1,1,True,
KGDAv4gY0CU,769,train,Dataset_Shard_0100000_0199999,1,170173,170941,769,0,0,1,1,True,
UQfPmUjyJUM,768,train,Dataset_Shard_0200000_0299999,1,262959,263726,768,0,0,1,1,True,
YTTraNue048,768,train,Dataset_Shard_0200000_0299999,1,283917,284684,768,0,0,1,1,True,
8Fo-MdmXmBE,767,train,Dataset_Shard_0000000_0099999,1,74914,75680,767,0,0,1,1,True,
PF0ym46Ji90,764,train,Dataset_Shard_0200000_0299999,1,218571,219334,764,0,0,1,1,True,
zbn9xbXTC00,764,train,Dataset_Shard_0400000_0499999,1,495302,496065,764,0,0,1,1,True,
AG0EifkPvGY,760,train,Dataset_Shard_0000000_0099999,1,91307,92066,760,0,0,1,1,True,
g0YkYrnLS_A,760,train,Dataset_Shard_0300000_0399999,1,339567,340326,760,0,0,1,1,True,
n0gRomV5Gnk,753,train,Dataset_Shard_0300000_0399999,1,394478,395230,753,0,0,1,1,True,
fGK4CtMVIGk,751,train,Dataset_Shard_0300000_0399999,1,333277,334027,751,0,0,1,1,True,
gpSJUuKG1rY,751,train,Dataset_Shard_0300000_0399999,1,350781,351531,751,0,0,1,1,True,
wZIPPpbh3_c,747,train,Dataset_Shard_0400000_0499999,1,470861,471607,747,0,0,1,1,True,
LCu1WeLTHHs,744,train,Dataset_Shard_0100000_0199999,1,177246,177989,744,0,0,1,1,True,
S-x-08mtMhM,744,test,Dataset_Shard_0200000_0299999,1,242797,243540,744,0,0,1,1,True,
tKpQA-YM5qw,740,train,Dataset_Shard_0400000_0499999,1,448164,448903,740,0,0,1,1,True,
IJ6v8unnzlw,739,train,Dataset_Shard_0100000_0199999,1,155259,155997,739,0,0,1,1,True,
haSfscv0K_Q,738,train,Dataset_Shard_0300000_0399999,1,357464,358201,738,0,0,1,1,True,
uyHdKE2S3m8,738,train,Dataset_Shard_0400000_0499999,1,462624,463361,738,0,0,1,1,True,
if7qojtGe5U,736,train,Dataset_Shard_0300000_0399999,1,363300,364035,736,0,0,1,1,True,
oXwNFZng37M,733,train,Dataset_Shard_0400000_0499999,1,411206,411938,733,0,0,1,1,True,
zAmGTHQ8LUI,730,train,Dataset_Shard_0400000_0499999,1,490717,491446,730,0,0,1,1,True,
4bA4M-spkoI,724,test,Dataset_Shard_0000000_0099999,1,42788,43511,724,0,0,1,1,True,
NNaNjLEnyCc,724,train,Dataset_Shard_0100000_0199999,1,198747,199470,724,0,0,1,1,True,
gKgHFMHDn3g,724,train,Dataset_Shard_0300000_0399999,1,342277,343000,724,0,0,1,1,True,
fcmXnubsug8,719,train,Dataset_Shard_0300000_0399999,1,337992,338710,719,0,0,1,1,True,
ijkiYD_qvrI,719,train,Dataset_Shard_0300000_0399999,1,364810,365528,719,0,0,1,1,True,
ZPGB4_jJCyc,717,train,Dataset_Shard_0200000_0299999,1,290724,291440,717,0,0,1,1,True,
HDs_owlm-kM,716,test,Dataset_Shard_0100000_0199999,1,147748,148463,716,0,0,1,1,True,
G5iYNFJuHkc,715,train,Dataset_Shard_0100000_0199999,1,143899,144613,715,0,0,1,1,True,
J_Q3FptXl4E,715,train,Dataset_Shard_0100000_0199999,1,166723,167437,715,0,0,1,1,True,
S9MeH6oej30,715,train,Dataset_Shard_0200000_0299999,1,243541,244255,715,0,0,1,1,True,
9vQKn6w95ow,710,train,Dataset_Shard_0000000_0099999,1,87442,88151,710,0,0,1,1,True,
uaW87-Yz9wQ,709,test,Dataset_Shard_0400000_0499999,1,456030,456738,709,0,0,1,1,True,
F1UNeBWv6Ww,705,train,Dataset_Shard_0100000_0199999,1,133143,133847,705,0,0,1,1,True,
WomgOCKLrVc,705,train,Dataset_Shard_0200000_0299999,1,270805,271509,705,0,0,1,1,True,
hWgU6TyNnkw,703,val,Dataset_Shard_0300000_0399999,1,355874,356576,703,0,0,1,1,True,
tVK6t2vfa6g,701,train,Dataset_Shard_0400000_0499999,1,450993,451693,701,0,0,1,1,True,
eC9gwP4mNPQ,698,train,Dataset_Shard_0300000_0399999,1,326252,326949,698,0,0,1,1,True,
ck3jZjhnQ84,697,train,Dataset_Shard_0300000_0399999,1,316424,317120,697,0,0,1,1,True,
EJiNfGhoa3Y,696,train,Dataset_Shard_0100000_0199999,1,131581,132276,696,0,0,1,1,True,
cTIbhq8KHSM,691,train,Dataset_Shard_0300000_0399999,1,314309,314999,691,0,0,1,1,True,
UzHgEVKrIqc,689,train,Dataset_Shard_0200000_0299999,1,267463,268151,689,0,0,1,1,True,
J8RgC4W1HeU,687,test,Dataset_Shard_0100000_0199999,1,164656,165342,687,0,0,1,1,True,
zXVq4sDkwEQ,687,train,Dataset_Shard_0400000_0499999,1,493699,494385,687,0,0,1,1,True,
BaGpiUru22U,686,train,Dataset_Shard_0100000_0199999,1,102597,103282,686,0,0,1,1,True,
WQGAJwFwH0w,686,train,Dataset_Shard_0200000_0299999,1,268755,269440,686,0,0,1,1,True,
I4YrJCXtmDQ,683,train,Dataset_Shard_0100000_0199999,1,154576,155258,683,0,0,1,1,True,
TxDFFE1BV8k,682,train,Dataset_Shard_0200000_0299999,1,257862,258543,682,0,0,1,1,True,
WRYnLiiVC_o,682,train,Dataset_Shard_0200000_0299999,1,269441,270122,682,0,0,1,1,True,
WaNC6Haohmo,682,train,Dataset_Shard_0200000_0299999,1,270123,270804,682,0,0,1,1,True,
aRF_slIwqM4,682,val,Dataset_Shard_0200000_0299999,1,295549,296230,682,0,0,1,1,True,
DXcoe1mtinI,680,train,Dataset_Shard_0100000_0199999,1,122344,123023,680,0,0,1,1,True,
c7Al1YuIwUI,680,train,Dataset_Shard_0300000_0399999,1,310262,310941,680,0,0,1,1,True,
0uLJTnNb2Es,678,train,Dataset_Shard_0000000_0099999,1,12577,13254,678,0,0,1,1,True,
6s1nSHVMZwM,678,train,Dataset_Shard_0000000_0099999,1,60783,61460,678,0,0,1,1,True,
c2Gd126Ko_w,678,train,Dataset_Shard_0300000_0399999,1,308990,309667,678,0,0,1,1,True,
Z_Nk-d3D3VI,676,train,Dataset_Shard_0200000_0299999,1,291441,292116,676,0,0,1,1,True,
Pxfgv-VzJb8,672,train,Dataset_Shard_0200000_0299999,1,226865,227536,672,0,0,1,1,True,
YUA8cOH4wTA,671,train,Dataset_Shard_0200000_0299999,1,284685,285355,671,0,0,1,1,True,
soqNFAIhsEA,671,train,Dataset_Shard_0400000_0499999,1,445984,446654,671,0,0,1,1,True,
aUad-7rZkQE,669,train,Dataset_Shard_0200000_0299999,1,296231,296899,669,0,0,1,1,True,
dpttD5WWzs0,669,train,Dataset_Shard_0300000_0399999,1,320887,321555,669,0,0,1,1,True,
Mz477FcOK1I,668,train,Dataset_Shard_0100000_0199999,1,194714,195381,668,0,0,1,1,True,
IgXDqL9n1yc,666,train,Dataset_Shard_0100000_0199999,1,157405,158070,666,0,0,1,1,True,
3AR1FxFue7c,665,train,Dataset_Shard_0000000_0099999,1,29519,30183,665,0,0,1,1,True,
X5tZRyCgJK8,662,train,Dataset_Shard_0200000_0299999,1,273076,273737,662,0,0,1,1,True,
NDEQ8jZEeMg,661,train,Dataset_Shard_0100000_0199999,1,197602,198262,661,0,0,1,1,True,
bf8S2Tnk5-c,657,train,Dataset_Shard_0300000_0399999,1,305536,306192,657,0,0,1,1,True,
cCQSFjK9mhw,655,train,Dataset_Shard_0300000_0399999,1,310942,311596,655,0,0,1,1,True,
1kyGOkXUEKI,653,train,Dataset_Shard_0000000_0099999,1,22180,22832,653,0,0,1,1,True,
LNm-RsObqrI,652,train,Dataset_Shard_0100000_0199999,1,177990,178641,652,0,0,1,1,True,
0xr9UkXgp2E,650,val,Dataset_Shard_0000000_0099999,1,13722,14371,650,0,0,1,1,True,
kTz4ixn3FNQ,648,train,Dataset_Shard_0300000_0399999,1,375631,376278,648,0,0,1,1,True,
DpcTinoxOZQ,647,train,Dataset_Shard_0100000_0199999,1,127684,128330,647,0,0,1,1,True,
b4wQRPqpcHo,647,train,Dataset_Shard_0200000_0299999,1,299323,299969,647,0,0,1,1,True,
xUp_PDUsIyc,645,val,Dataset_Shard_0400000_0499999,1,476548,477192,645,0,0,1,1,True,
WzV4jMKBeew,644,train,Dataset_Shard_0200000_0299999,1,272432,273075,644,0,0,1,1,True,
tUAYRMtMyb0,644,val,Dataset_Shard_0400000_0499999,1,450349,450992,644,0,0,1,1,True,
3Cg8-eoNXdY,642,train,Dataset_Shard_0000000_0099999,1,30184,30825,642,0,0,1,1,True,
AzqgcU5_3mo,641,train,Dataset_Shard_0000000_0099999,1,99052,99692,641,0,0,1,1,True,
RrCuR6tPFxI,641,train,Dataset_Shard_0200000_0299999,1,242156,242796,641,0,0,1,1,True,
UVKesI-XW-I,641,train,Dataset_Shard_0200000_0299999,1,264680,265320,641,0,0,1,1,True,
7nYRFn4c0B8,640,train,Dataset_Shard_0000000_0099999,1,71781,72420,640,0,0,1,1,True,
n1jA2GVDa-o,640,train,Dataset_Shard_0300000_0399999,1,395231,395870,640,0,0,1,1,True,
C5tgj76oc7E,638,train,Dataset_Shard_0100000_0199999,1,106153,106790,638,0,0,1,1,True,
jlS3u6WQJ0k,638,train,Dataset_Shard_0300000_0399999,1,369989,370626,638,0,0,1,1,True,
GVoppuU8cFo,637,train,Dataset_Shard_0100000_0199999,1,145669,146305,637,0,0,1,1,True,
oLt2YHQmxyo,634,train,Dataset_Shard_0400000_0499999,1,407194,407827,634,0,0,1,1,True,
9yQHxxtlxt4,629,train,Dataset_Shard_0000000_0099999,1,88152,88780,629,0,0,1,1,True,
QRGS3EjB5I4,629,train,Dataset_Shard_0200000_0299999,1,233845,234473,629,0,0,1,1,True,
1cMfYuRTDX4,624,train,Dataset_Shard_0000000_0099999,1,19085,19708,624,0,0,1,1,True,
NsLZGmOq9MM,622,train,Dataset_Shard_0200000_0299999,1,206582,207203,622,0,0,1,1,True,
XhaQLBKD6Sc,622,train,Dataset_Shard_0200000_0299999,1,279137,279758,622,0,0,1,1,True,
Ykj7lbApeTs,622,train,Dataset_Shard_0200000_0299999,1,286391,287012,622,0,0,1,1,True,
B3np71w5K1c,619,train,Dataset_Shard_0000000_0099999|Dataset_Shard_0100000_0199999,2,99693,100311,619,0,0,1,1,True,
vrgv_E5pDII,614,train,Dataset_Shard_0400000_0499999,1,464669,465282,614,0,0,1,1,True,
ncA2W_lCihM,613,test,Dataset_Shard_0400000_0499999,1,401034,401646,613,0,0,1,1,True,
oli_KZ4buY_,613,train,Dataset_Shard_0400000_0499999,1,416882,417494,613,0,0,1,1,True,
paTT6mFga2A,609,train,Dataset_Shard_0400000_0499999,1,423815,424423,609,0,0,1,1,True,
udfXY1v4lks,604,test,Dataset_Shard_0400000_0499999,1,456739,457342,604,0,0,1,1,True,
WNqNsRzvBvo,603,train,Dataset_Shard_0200000_0299999,1,268152,268754,603,0,0,1,1,True,
IknWlKwrkqM,602,train,Dataset_Shard_0100000_0199999,1,158071,158672,602,0,0,1,1,True,
j9xytCxCRas,602,train,Dataset_Shard_0300000_0399999,1,367415,368016,602,0,0,1,1,True,
BevoiaUK5ao,601,train,Dataset_Shard_0100000_0199999,1,104782,105382,601,0,0,1,1,True,
6QeMNsQww3A,599,train,Dataset_Shard_0000000_0099999,1,57700,58298,599,0,0,1,1,True,
d21L6jFe6C8,597,train,Dataset_Shard_0300000_0399999,1,318954,319550,597,0,0,1,1,True,
vwz7M5xbztM,597,train,Dataset_Shard_0400000_0499999,1,465283,465879,597,0,0,1,1,True,
GrND9qai5pY,596,train,Dataset_Shard_0100000_0199999,1,147152,147747,596,0,0,1,1,True,
YLFEJ_74Qps,594,train,Dataset_Shard_0200000_0299999,1,282472,283065,594,0,0,1,1,True,
c3SQmrJFsLY,594,test,Dataset_Shard_0300000_0399999,1,309668,310261,594,0,0,1,1,True,
6KzSnrEFKlU,593,train,Dataset_Shard_0000000_0099999,1,54637,55229,593,0,0,1,1,True,
ph67f1KcoCc,591,train,Dataset_Shard_0400000_0499999,1,424424,425014,591,0,0,1,1,True,
9Tq2xbgsGkM,589,train,Dataset_Shard_0000000_0099999,1,81733,82321,589,0,0,1,1,True,
gQW3RFC0ofo,588,train,Dataset_Shard_0300000_0399999,1,343001,343588,588,0,0,1,1,True,
6mmq34Ib8xg,585,train,Dataset_Shard_0000000_0099999,1,58299,58883,585,0,0,1,1,True,
JiFbkH4lkEA,585,train,Dataset_Shard_0100000_0199999,1,167438,168022,585,0,0,1,1,True,
iNEWcQaXeKw,585,train,Dataset_Shard_0300000_0399999,1,362715,363299,585,0,0,1,1,True,
27uEnvzS8O4,584,train,Dataset_Shard_0000000_0099999,1,24104,24687,584,0,0,1,1,True,
PON6UARN2Ho,582,val,Dataset_Shard_0200000_0299999,1,220209,220790,582,0,0,1,1,True,
59_VE9iR-fE,581,train,Dataset_Shard_0000000_0099999,1,45516,46096,581,0,0,1,1,True,
Nenwue8ACQE,577,train,Dataset_Shard_0200000_0299999,1,202953,203529,577,0,0,1,1,True,
Ccs73enFclU,575,train,Dataset_Shard_0100000_0199999,1,112560,113134,575,0,0,1,1,True,
fJ0BU_4rY28,568,train,Dataset_Shard_0300000_0399999,1,334028,334595,568,0,0,1,1,True,
0TJxBDyP9dw,565,train,Dataset_Shard_0000000_0099999,1,9484,10048,565,0,0,1,1,True,
rLlr1JgTkDk,565,train,Dataset_Shard_0400000_0499999,1,437308,437872,565,0,0,1,1,True,
yQGj3B57_Iw,565,train,Dataset_Shard_0400000_0499999,1,479379,479943,565,0,0,1,1,True,
RWeESNvnYQs,564,train,Dataset_Shard_0200000_0299999,1,238938,239501,564,0,0,1,1,True,
ROt4Y-lkzD8,562,train,Dataset_Shard_0200000_0299999,1,237980,238541,562,0,0,1,1,True,
4F1jCw1yzKA,561,val,Dataset_Shard_0000000_0099999,1,37821,38381,561,0,0,1,1,True,
PQO_bd79mec,561,val,Dataset_Shard_0200000_0299999,1,220791,221351,561,0,0,1,1,True,
G8vA3NnBdms,554,val,Dataset_Shard_0100000_0199999,1,145115,145668,554,0,0,1,1,True,
QZqfMruo1-w,551,train,Dataset_Shard_0200000_0299999,1,235273,235823,551,0,0,1,1,True,
o4fPTM4nXHA,551,train,Dataset_Shard_0400000_0499999,1,405853,406403,551,0,0,1,1,True,
g6LFKsNbbnw,549,train,Dataset_Shard_0300000_0399999,1,340327,340875,549,0,0,1,1,True,
MwffJW2HSBw,547,train,Dataset_Shard_0100000_0199999,1,193240,193786,547,0,0,1,1,True,
gdh2-9qm8fE,542,train,Dataset_Shard_0300000_0399999,1,350239,350780,542,0,0,1,1,True,
Hvip1xhAJEk,541,train,Dataset_Shard_0100000_0199999,1,151695,152235,541,0,0,1,1,True,
mFrrmh9euA4,541,train,Dataset_Shard_0300000_0399999,1,392222,392762,541,0,0,1,1,True,
-Hs-zuBOlQE,539,train,Dataset_Shard_0000000_0099999,1,0,538,539,0,0,1,1,True,
-bqSDAsWptU,537,train,Dataset_Shard_0000000_0099999,1,3572,4108,537,0,0,1,1,True,
MI9SBkWfYeE,537,train,Dataset_Shard_0100000_0199999,1,185100,185636,537,0,0,1,1,True,
f10cdSfKzdc,537,train,Dataset_Shard_0300000_0399999,1,332740,333276,537,0,0,1,1,True,
vCp0mrZdlmU,533,train,Dataset_Shard_0400000_0499999,1,463362,463894,533,0,0,1,1,True,
5ITYjnz12-Y,532,train,Dataset_Shard_0000000_0099999,1,49415,49946,532,0,0,1,1,True,
ng40P4mMO3s,532,train,Dataset_Shard_0400000_0499999,1,402902,403433,532,0,0,1,1,True,
OK0NO9Pofgk,531,val,Dataset_Shard_0200000_0299999,1,210516,211046,531,0,0,1,1,True,
qxwqNmXb_pM,526,train,Dataset_Shard_0400000_0499999,1,435910,436435,526,0,0,1,1,True,
NumylOGDIqs,525,train,Dataset_Shard_0200000_0299999,1,208552,209076,525,0,0,1,1,True,
cF3FypUIZhA,522,train,Dataset_Shard_0300000_0399999,1,311597,312118,522,0,0,1,1,True,
e63J3OFgS7M,521,train,Dataset_Shard_0300000_0399999,1,323654,324174,521,0,0,1,1,True,
HvxUw40lGmU,520,val,Dataset_Shard_0100000_0199999,1,152236,152755,520,0,0,1,1,True,
jOYC6mxNnOU,518,train,Dataset_Shard_0300000_0399999,1,368017,368534,518,0,0,1,1,True,
tTHpaGSDRCA,517,train,Dataset_Shard_0400000_0499999,1,449832,450348,517,0,0,1,1,True,
CNbMProDX_I,515,train,Dataset_Shard_0100000_0199999,1,108886,109400,515,0,0,1,1,True,
aq7naPyd_ps,513,train,Dataset_Shard_0200000_0299999,1,296900,297412,513,0,0,1,1,True,
PBh8_Cc90uw,512,train,Dataset_Shard_0200000_0299999,1,217154,217665,512,0,0,1,1,True,
UFtV7H3fdIs,510,train,Dataset_Shard_0200000_0299999,1,262449,262958,510,0,0,1,1,True,
jaAfalvJdzs,505,train,Dataset_Shard_0300000_0399999,1,369484,369988,505,0,0,1,1,True,
G6vEW8-Tk5w,501,train,Dataset_Shard_0100000_0199999,1,144614,145114,501,0,0,1,1,True,
7tf2BC4mC8s,499,train,Dataset_Shard_0000000_0099999,1,72421,72919,499,0,0,1,1,True,
Z3wah38KgoA,498,train,Dataset_Shard_0200000_0299999,1,289384,289881,498,0,0,1,1,True,
udsPZ1WnDLY,496,train,Dataset_Shard_0400000_0499999,1,457343,457838,496,0,0,1,1,True,
hT-ia0Oj-VE,495,train,Dataset_Shard_0300000_0399999,1,355379,355873,495,0,0,1,1,True,
dadeCjt1zZ8,490,train,Dataset_Shard_0300000_0399999,1,320397,320886,490,0,0,1,1,True,
ukBG8k6dca4,490,train,Dataset_Shard_0400000_0499999,1,459176,459665,490,0,0,1,1,True,
zHY3o_AprOU,486,test,Dataset_Shard_0400000_0499999,1,491672,492157,486,0,0,1,1,True,
m6Nb2qOf30Y,485,train,Dataset_Shard_0300000_0399999,1,390754,391238,485,0,0,1,1,True,
NMv_tUPIx3M,484,val,Dataset_Shard_0100000_0199999,1,198263,198746,484,0,0,1,1,True,
jYXIs1jlomo,483,train,Dataset_Shard_0300000_0399999,1,369001,369483,483,0,0,1,1,True,
kkSQWC1v0Zs,483,train,Dataset_Shard_0300000_0399999,1,376279,376761,483,0,0,1,1,True,
qUEhPbkqz0w,481,train,Dataset_Shard_0400000_0499999,1,431815,432295,481,0,0,1,1,True,
XK0SUybge_0,477,train,Dataset_Shard_0200000_0299999,1,277017,277493,477,0,0,1,1,True,
IpeCPBTMsp8,476,train,Dataset_Shard_0100000_0199999,1,158673,159148,476,0,0,1,1,True,
U5_e_c9A3Rc,475,train,Dataset_Shard_0200000_0299999,1,258544,259018,475,0,0,1,1,True,
cFUZYGRYK94,472,train,Dataset_Shard_0300000_0399999,1,312119,312590,472,0,0,1,1,True,
O6svjbPlqR0,471,train,Dataset_Shard_0200000_0299999,1,210045,210515,471,0,0,1,1,True,
KcYwOQfhWUk,470,test,Dataset_Shard_0100000_0199999,1,173818,174287,470,0,0,1,1,True,
XHK8f0jmGFw,470,train,Dataset_Shard_0200000_0299999,1,276547,277016,470,0,0,1,1,True,
0w6Ky8PBYSQ,467,train,Dataset_Shard_0000000_0099999,1,13255,13721,467,0,0,1,1,True,
3xK6shdTeCs,467,train,Dataset_Shard_0000000_0099999,1,35367,35833,467,0,0,1,1,True,
kx4_1AOBE18,467,train,Dataset_Shard_0300000_0399999,1,378686,379152,467,0,0,1,1,True,
sBLH1z63TGw,467,train,Dataset_Shard_0400000_0499999,1,440678,441144,467,0,0,1,1,True,
jTsp_AmBAo0,466,train,Dataset_Shard_0300000_0399999,1,368535,369000,466,0,0,1,1,True,
wxv1SDr8Kck,466,test,Dataset_Shard_0400000_0499999,1,473109,473574,466,0,0,1,1,True,
nNo4Kzvf548,464,train,Dataset_Shard_0300000_0399999,1,399420,399883,464,0,0,1,1,True,
ukn-1au2zeM,462,train,Dataset_Shard_0400000_0499999,1,459666,460127,462,0,0,1,1,True,
DzJPrFInDgI,461,val,Dataset_Shard_0100000_0199999,1,129306,129766,461,0,0,1,1,True,
jsECb6fwYeM,460,train,Dataset_Shard_0300000_0399999,1,371609,372068,460,0,0,1,1,True,
BI2jJ2nsUaw,459,train,Dataset_Shard_0100000_0199999,1,102138,102596,459,0,0,1,1,True,
79n77IIyriY,458,train,Dataset_Shard_0000000_0099999,1,66331,66788,458,0,0,1,1,True,
JGxn16KUavc,458,val,Dataset_Shard_0100000_0199999,1,166265,166722,458,0,0,1,1,True,
-Qoo3Uq5-50,457,train,Dataset_Shard_0000000_0099999,1,1921,2377,457,0,0,1,1,True,
7erD56xKJaM,454,train,Dataset_Shard_0000000_0099999,1,70405,70858,454,0,0,1,1,True,
4Djb4L_VGIU,450,val,Dataset_Shard_0000000_0099999,1,36501,36950,450,0,0,1,1,True,
KiIkP5rt664,449,train,Dataset_Shard_0100000_0199999,1,174288,174736,449,0,0,1,1,True,
XSkVffeCQ8c,440,train,Dataset_Shard_0200000_0299999,1,277778,278217,440,0,0,1,1,True,
hyxtYzAFcv8,440,train,Dataset_Shard_0300000_0399999,1,360845,361284,440,0,0,1,1,True,
NSBXNBFcSM_,428,train,Dataset_Shard_0100000_0199999,1,199471,199898,428,0,0,1,1,True,
trD-QUe4ZNU,428,train,Dataset_Shard_0400000_0499999,1,451902,452329,428,0,0,1,1,True,
hgp1tH8T4qA,418,train,Dataset_Shard_0300000_0399999,1,359040,359457,418,0,0,1,1,True,
cqUD7jK9olE,417,train,Dataset_Shard_0300000_0399999,1,317121,317537,417,0,0,1,1,True,
wXQHg2GbOv4,417,train,Dataset_Shard_0400000_0499999,1,470444,470860,417,0,0,1,1,True,
IMYS4tzoiWw,416,train,Dataset_Shard_0100000_0199999,1,155998,156413,416,0,0,1,1,True,
F1mXo8STM24,415,train,Dataset_Shard_0100000_0199999,1,133848,134262,415,0,0,1,1,True,
tIZcUgrcWWc,415,val,Dataset_Shard_0400000_0499999,1,447749,448163,415,0,0,1,1,True,
wt0RIrkrfY_,415,train,Dataset_Shard_0400000_0499999,1,472694,473108,415,0,0,1,1,True,
ujOANeD1dtA,412,train,Dataset_Shard_0400000_0499999,1,458764,459175,412,0,0,1,1,True,
Y1rsLA_zWpw,410,train,Dataset_Shard_0200000_0299999,1,281000,281409,410,0,0,1,1,True,
FGjqL-YO8E8,409,train,Dataset_Shard_0100000_0199999,1,137691,138099,409,0,0,1,1,True,
E0OylseYSt8,407,train,Dataset_Shard_0100000_0199999,1,129767,130173,407,0,0,1,1,True,
4ciVQzZxNkk,403,train,Dataset_Shard_0000000_0099999,1,43512,43914,403,0,0,1,1,True,
xVaf2MFNbnY,403,train,Dataset_Shard_0400000_0499999,1,477193,477595,403,0,0,1,1,True,
uNQDRZz4TUU,401,train,Dataset_Shard_0400000_0499999,1,455629,456029,401,0,0,1,1,True,
2el-ZR4A4D4,398,train,Dataset_Shard_0000000_0099999,1,29121,29518,398,0,0,1,1,True,
lFhCwScSprM,398,test,Dataset_Shard_0300000_0399999,1,383244,383641,398,0,0,1,1,True,
RUu5-e13gZw,396,train,Dataset_Shard_0200000_0299999,1,238542,238937,396,0,0,1,1,True,
4xuwsEvzX1g,394,train,Dataset_Shard_0000000_0099999,1,43915,44308,394,0,0,1,1,True,
02MD08BgFZ0,379,train,Dataset_Shard_0000000_0099999,1,7288,7666,379,0,0,1,1,True,
46-qefy8Nwc,372,test,Dataset_Shard_0000000_0099999,1,35834,36205,372,0,0,1,1,True,
HRJ4OhgNX08,367,train,Dataset_Shard_0100000_0199999,1,148464,148830,367,0,0,1,1,True,
erLQ1Ojy-TQ,362,val,Dataset_Shard_0300000_0399999,1,330556,330917,362,0,0,1,1,True,
FHQdsG4y6sA,353,val,Dataset_Shard_0100000_0199999,1,138100,138452,353,0,0,1,1,True,
1YmFjGfQGnw,342,train,Dataset_Shard_0000000_0099999,1,18743,19084,342,0,0,1,1,True,
0NN6ySHCHVA,339,train,Dataset_Shard_0000000_0099999,1,9145,9483,339,0,0,1,1,True,
Tn_MfGExzrw,339,train,Dataset_Shard_0200000_0299999,1,256515,256853,339,0,0,1,1,True,
3HZMLSYtFEM,332,val,Dataset_Shard_0000000_0099999,1,30826,31157,332,0,0,1,1,True,
Aw4Vaqqq_Eg,330,train,Dataset_Shard_0000000_0099999,1,97086,97415,330,0,0,1,1,True,
eFquyliJz0U,326,val,Dataset_Shard_0300000_0399999,1,326950,327275,326,0,0,1,1,True,
Oh6s2ckLVCc,310,train,Dataset_Shard_0200000_0299999,1,214632,214941,310,0,0,1,1,True,
3sty8XW-6FU,307,train,Dataset_Shard_0000000_0099999,1,35060,35366,307,0,0,1,1,True,
cQAkgnu0KNE,299,train,Dataset_Shard_0300000_0399999,1,314010,314308,299,0,0,1,1,True,
49dGxeU0X5E,295,train,Dataset_Shard_0000000_0099999,1,36206,36500,295,0,0,1,1,True,
F3BeAm1eM6Y,288,test,Dataset_Shard_0100000_0199999,1,134263,134550,288,0,0,1,1,True,
-tqqp2KwCIQ,284,train,Dataset_Shard_0000000_0099999,1,5024,5307,284,0,0,1,1,True,
XRtazMBnC9Y,284,train,Dataset_Shard_0200000_0299999,1,277494,277777,284,0,0,1,1,True,
AQ_qy4s9-58,272,train,Dataset_Shard_0000000_0099999,1,94503,94774,272,0,0,1,1,True,
LqVVbjKegLM,258,train,Dataset_Shard_0100000_0199999,1,180905,181162,258,0,0,1,1,True,
3p5gb_JqO78,242,train,Dataset_Shard_0000000_0099999,1,34818,35059,242,0,0,1,1,True,
ZbjWbqnnYyE,227,train,Dataset_Shard_0200000_0299999,1,292117,292343,227,0,0,1,1,True,
zHW35Y8ghrY,225,train,Dataset_Shard_0400000_0499999,1,491447,491671,225,0,0,1,1,True,
rYzVEZZO83c,211,train,Dataset_Shard_0400000_0499999,1,438733,438943,211,0,0,1,1,True,
YufGRlASfNw,210,val,Dataset_Shard_0200000_0299999,1,287013,287222,210,0,0,1,1,True,
t_qmGs9IgK4,208,train,Dataset_Shard_0400000_0499999,1,451694,451901,208,0,0,1,1,True,
lRBRTysHyrA,187,train,Dataset_Shard_0300000_0399999,1,386386,386572,187,0,0,1,1,True,
9MPPZdAWF4U,176,train,Dataset_Shard_0000000_0099999,1,81557,81732,176,0,0,1,1,True,
Xr0VL5ak2YA,168,train,Dataset_Shard_0200000_0299999,1,280832,280999,168,0,0,1,1,True,
bF1ORN7QtkE,162,val,Dataset_Shard_0300000_0399999,1,302571,302732,162,0,0,1,1,True,
Oxh1el_9L68,129,val,Dataset_Shard_0200000_0299999,1,214942,215070,129,0,0,1,1,True,
SJcqdf3mIc8,89,train,Dataset_Shard_0200000_0299999,1,244256,244344,89,0,0,1,1,True,
CF81s4pzmew,52,val,Dataset_Shard_0100000_0199999,1,106791,106842,52,0,0,1,1,True,
