video_id,frames,first_frame_id,last_frame_id,frame_id_span,frame_id_gaps,missing_frame_ids,min_frame_step,max_frame_step,continuous,num_shards,shards,split
6ys4etJ1IFg,3462,61461,64922,3462,0,0,1,1,True,1,Dataset_Shard_0000000_0099999,train
Pft9pKcpJfQ,3447,223418,226864,3447,0,0,1,1,True,1,Dataset_Shard_0200000_0299999,train
U7HzviIwyfs,3430,259019,262448,3430,0,0,1,1,True,1,Dataset_Shard_0200000_0299999,train
CRYDNSvrbis,3159,109401,112559,3159,0,0,1,1,True,1,Dataset_Shard_0100000_0199999,train
pLCE_Kc3_rs,2720,421095,423814,2720,0,0,1,1,True,1,Dataset_Shard_0400000_0499999,train
LABUp-9fzpo,2509,174737,177245,2509,0,0,1,1,True,1,Dataset_Shard_0100000_0199999,train
6QNI1KTP-uA,2470,55230,57699,2470,0,0,1,1,True,1,Dataset_Shard_0000000_0099999,train
OLLAoZsGd0Q,2361,211047,213407,2361,0,0,1,1,True,1,Dataset_Shard_0200000_0299999,test
D2q4s2rE0s_,2351,117673,120023,2351,0,0,1,1,True,1,Dataset_Shard_0100000_0199999,train
z4eQhv4jhsU,2336,488381,490716,2336,0,0,1,1,True,1,Dataset_Shard_0400000_0499999,train
NBZN1K9PE38,2220,195382,197601,2220,0,0,1,1,True,1,Dataset_Shard_0100000_0199999,train
YweVXE4EVWM,2161,287223,289383,2161,0,0,1,1,True,1,Dataset_Shard_0200000_0299999,train
9lVD-SGOSjg,2015,83846,85860,2015,0,0,1,1,True,1,Dataset_Shard_0000000_0099999,train
MO0BNkMVRUM,1988,186737,188724,1988,0,0,1,1,True,1,Dataset_Shard_0100000_0199999,train
-wUKLCvobpI,1980,5308,7287,1980,0,0,1,1,True,1,Dataset_Shard_0000000_0099999,test
ooRkX9iO-V8,1978,417495,419472,1978,0,0,1,1,True,1,Dataset_Shard_0400000_0499999,train
HWcwP-2-gBU,1931,148831,150761,1931,0,0,1,1,True,1,Dataset_Shard_0100000_0199999,train
XCsmC9bEuDg,1925,274622,276546,1925,0,0,1,1,True,1,Dataset_Shard_0200000_0299999,train
gtUBWqX0ceM,1924,351532,353455,1924,0,0,1,1,True,1,Dataset_Shard_0300000_0399999,train
h6yjx26N9WE,1923,353456,355378,1923,0,0,1,1,True,1,Dataset_Shard_0300000_0399999,train
aykwHkSTKps,1910,297413,299322,1910,0,0,1,1,True,1,Dataset_Shard_0200000_0299999,train
qs-2SwlcufA,1851,434059,435909,1851,0,0,1,1,True,1,Dataset_Shard_0400000_0499999,train
J72oRFQXj5o,1839,162817,164655,1839,0,0,1,1,True,1,Dataset_Shard_0100000_0199999,test
euGB9ACrIrg,1822,330918,332739,1822,0,0,1,1,True,1,Dataset_Shard_0300000_0399999,train
I3ynWCdH9-Q,1820,152756,154575,1820,0,0,1,1,True,1,Dataset_Shard_0100000_0199999,test
oN1DmJvfFYU,1815,407828,409642,1815,0,0,1,1,True,1,Dataset_Shard_0400000_0499999,train
lMNq15l1QT0,1807,383642,385448,1807,0,0,1,1,True,1,Dataset_Shard_0300000_0399999,train
LsLsb6ON3HA,1792,181163,182954,1792,0,0,1,1,True,1,Dataset_Shard_0100000_0199999,train
J2BXGfLbEQk,1787,160072,161858,1787,0,0,1,1,True,1,Dataset_Shard_0100000_0199999,test
3YwJ5Fzodfk,1782,32253,34034,1782,0,0,1,1,True,1,Dataset_Shard_0000000_0099999,train
gRZZVFAq8-s,1738,344874,346611,1738,0,0,1,1,True,1,Dataset_Shard_0300000_0399999,train
zo9h0PqVn-U,1726,497841,499566,1726,0,0,1,1,True,1,Dataset_Shard_0400000_0499999,train
NnlJ2WtQxhw,1724,204858,206581,1724,0,0,1,1,True,1,Dataset_Shard_0200000_0299999,train
n-F9z5TA1vE,1715,392763,394477,1715,0,0,1,1,True,1,Dataset_Shard_0300000_0399999,train
KWLQZy3Trfc,1666,170942,172607,1666,0,0,1,1,True,1,Dataset_Shard_0100000_0199999,train
l7F1MHpB1u0,1651,380377,382027,1651,0,0,1,1,True,1,Dataset_Shard_0300000_0399999,val
Aymbap8XcG8,1636,97416,99051,1636,0,0,1,1,True,1,Dataset_Shard_0000000_0099999,train
AKC7bYyldHo,1625,92067,93691,1625,0,0,1,1,True,1,Dataset_Shard_0000000_0099999,train
QPaAUPP0L2s,1615,232230,233844,1615,0,0,1,1,True,1,Dataset_Shard_0200000_0299999,train
sTE1jXTBt6s,1597,443381,444977,1597,0,0,1,1,True,1,Dataset_Shard_0400000_0499999,train
uwuY48k-xus,1594,461030,462623,1594,0,0,1,1,True,1,Dataset_Shard_0400000_0499999,train
T_FBIBGomLM,1591,253259,254849,1591,0,0,1,1,True,1,Dataset_Shard_0200000_0299999,train
ltNtwExtVa4,1590,387685,389274,1590,0,0,1,1,True,1,Dataset_Shard_0300000_0399999,train
De9wq1vFUVo,1589,124103,125691,1589,0,0,1,1,True,1,Dataset_Shard_0100000_0199999,train
9oBVaGfsKf4,1581,85861,87441,1581,0,0,1,1,True,1,Dataset_Shard_0000000_0099999,train
w40fRDQNQo4,1575,465880,467454,1575,0,0,1,1,True,1,Dataset_Shard_0400000_0499999,train
oYJk9jqnp5E,1565,411939,413503,1565,0,0,1,1,True,1,Dataset_Shard_0400000_0499999,train
oOmQQ_LW06o,1563,409643,411205,1563,0,0,1,1,True,1,Dataset_Shard_0400000_0499999,train
AXEbpZ0lhEM,1542,94775,96316,1542,0,0,1,1,True,1,Dataset_Shard_0000000_0099999,train
zUXPNRKCJqk,1541,492158,493698,1541,0,0,1,1,True,1,Dataset_Shard_0400000_0499999,train
9azhMaMU4Eo,1524,82322,83845,1524,0,0,1,1,True,1,Dataset_Shard_0000000_0099999,test
yR15HSy2iYM,1521,479944,481464,1521,0,0,1,1,True,1,Dataset_Shard_0400000_0499999,train
gZNb0Jwiu7c,1517,346612,348128,1517,0,0,1,1,True,1,Dataset_Shard_0300000_0399999,train
QJ-yAwmzwSs,1513,229788,231300,1513,0,0,1,1,True,1,Dataset_Shard_0200000_0299999,test
phc99Ienk8Q,1510,425015,426524,1510,0,0,1,1,True,1,Dataset_Shard_0400000_0499999,train
Bdy36xv68Fs,1499,103283,104781,1499,0,0,1,1,True,1,Dataset_Shard_0100000_0199999,train
odXf_O2kwg8,1499,413504,415002,1499,0,0,1,1,True,1,Dataset_Shard_0400000_0499999,train
ysLwpEhLkqI,1496,482945,484440,1496,0,0,1,1,True,1,Dataset_Shard_0400000_0499999,val
ybDcIfdcUVU,1480,481465,482944,1480,0,0,1,1,True,1,Dataset_Shard_0400000_0499999,train
lxHmqyU2TSc,1479,389275,390753,1479,0,0,1,1,True,1,Dataset_Shard_0300000_0399999,val
0FxsmwVeriw,1478,7667,9144,1478,0,0,1,1,True,1,Dataset_Shard_0000000_0099999,train
4FjwzNlLCdU,1475,38382,39856,1475,0,0,1,1,True,1,Dataset_Shard_0000000_0099999,train
Ctp1DySPKS0,1475,115400,116874,1475,0,0,1,1,True,1,Dataset_Shard_0100000_0199999,train
7ZUOn2pZRls,1462,68943,70404,1462,0,0,1,1,True,1,Dataset_Shard_0000000_0099999,train
bGaEvKvZWas,1459,302733,304191,1459,0,0,1,1,True,1,Dataset_Shard_0300000_0399999,train
bDs_lr_2dpg,1452,301119,302570,1452,0,0,1,1,True,1,Dataset_Shard_0300000_0399999,train
5USYVhzhMes,1447,49947,51393,1447,0,0,1,1,True,1,Dataset_Shard_0000000_0099999,train
2RUNdnb2B1w,1437,25734,27170,1437,0,0,1,1,True,1,Dataset_Shard_0000000_0099999,val
i4AW7iRDqsU,1430,361285,362714,1430,0,0,1,1,True,1,Dataset_Shard_0300000_0399999,val
ciLvB2zwaOE,1424,315000,316423,1424,0,0,1,1,True,1,Dataset_Shard_0300000_0399999,train
cPcyix9lBG0,1419,312591,314009,1419,0,0,1,1,True,1,Dataset_Shard_0300000_0399999,train
MQ0rcxyT_18,1416,188725,190140,1416,0,0,1,1,True,1,Dataset_Shard_0100000_0199999,train
cxKVZ0NO0V4,1416,317538,318953,1416,0,0,1,1,True,1,Dataset_Shard_0300000_0399999,train
nNJK2P8gqPA,1409,398011,399419,1409,0,0,1,1,True,1,Dataset_Shard_0300000_0399999,train
77rVIqWlxNU,1408,64923,66330,1408,0,0,1,1,True,1,Dataset_Shard_0000000_0099999,train
E5eP26MKE98,1407,130174,131580,1407,0,0,1,1,True,1,Dataset_Shard_0100000_0199999,train
gFTV_Kjw3OE,1401,340876,342276,1401,0,0,1,1,True,1,Dataset_Shard_0300000_0399999,train
hw40llsYXWQ,1387,359458,360844,1387,0,0,1,1,True,1,Dataset_Shard_0300000_0399999,train
-J04CE5dA74,1382,539,1920,1382,0,0,1,1,True,1,Dataset_Shard_0000000_0099999,train
ytmhoYpa1ws,1379,484441,485819,1379,0,0,1,1,True,1,Dataset_Shard_0400000_0499999,train
SjbNwQc9Uko,1353,245621,246973,1353,0,0,1,1,True,1,Dataset_Shard_0200000_0299999,train
1FhZqPfKWjE,1351,17392,18742,1351,0,0,1,1,True,1,Dataset_Shard_0000000_0099999,train
RXnWs2i_f2w,1351,239502,240852,1351,0,0,1,1,True,1,Dataset_Shard_0200000_0299999,train
DOjCrrrGa5s,1348,120996,122343,1348,0,0,1,1,True,1,Dataset_Shard_0100000_0199999,train
Nt95VxNw1JA,1348,207204,208551,1348,0,0,1,1,True,1,Dataset_Shard_0200000_0299999,train
bQ869A6Z27I,1344,304192,305535,1344,0,0,1,1,True,1,Dataset_Shard_0300000_0399999,train
uLa8mjhrP18,1343,454286,455628,1343,0,0,1,1,True,1,Dataset_Shard_0400000_0499999,test
1ER3kxd2RvQ,1340,16052,17391,1340,0,0,1,1,True,1,Dataset_Shard_0000000_0099999,train
ePQhPKVW2vk,1333,327276,328608,1333,0,0,1,1,True,1,Dataset_Shard_0300000_0399999,train
TMhssQ2rLOc,1331,251928,253258,1331,0,0,1,1,True,1,Dataset_Shard_0200000_0299999,val
NjNROlXjW5I,1328,203530,204857,1328,0,0,1,1,True,1,Dataset_Shard_0200000_0299999,train
kOD48vrvC9c,1320,374311,375630,1320,0,0,1,1,True,1,Dataset_Shard_0300000_0399999,train
xKtXanP9FYk,1312,474372,475683,1312,0,0,1,1,True,1,Dataset_Shard_0400000_0499999,train
0ZSqAjagrVo,1307,11270,12576,1307,0,0,1,1,True,1,Dataset_Shard_0000000_0099999,train
RjAhTdGaZpw,1303,240853,242155,1303,0,0,1,1,True,1,Dataset_Shard_0200000_0299999,train
qBFGirFLB38,1289,429357,430645,1289,0,0,1,1,True,1,Dataset_Shard_0400000_0499999,train
gQmCY2PXvtQ,1285,343589,344873,1285,0,0,1,1,True,1,Dataset_Shard_0300000_0399999,train
QGuO3Ikm9L0,1283,228505,229787,1283,0,0,1,1,True,1,Dataset_Shard_0200000_0299999,train
wNvrCt-FlUo,1281,467455,468735,1281,0,0,1,1,True,1,Dataset_Shard_0400000_0499999,train
SWqtN9u71FI,1276,244345,245620,1276,0,0,1,1,True,1,Dataset_Shard_0200000_0299999,train
Fi_z7GBejhs,1275,141467,142741,1275,0,0,1,1,True,1,Dataset_Shard_0100000_0199999,train
24jIoFvJ_7o,1271,22833,24103,1271,0,0,1,1,True,1,Dataset_Shard_0000000_0099999,val
LxB4fZIr6QM,1269,182955,184223,1269,0,0,1,1,True,1,Dataset_Shard_0100000_0199999,train
A2dimG5cbgc,1268,88781,90048,1268,0,0,1,1,True,1,Dataset_Shard_0000000_0099999,train
AE1Dd0KPmlw,1258,90049,91306,1258,0,0,1,1,True,1,Dataset_Shard_0000000_0099999,train
ncZh6hd-xIk,1255,401647,402901,1255,0,0,1,1,True,1,Dataset_Shard_0400000_0499999,train
fVXYoBINHcs,1254,336738,337991,1254,0,0,1,1,True,1,Dataset_Shard_0300000_0399999,train
MoldpStWdSM,1247,191993,193239,1247,0,0,1,1,True,1,Dataset_Shard_0100000_0199999,train
gcMtz5Gyj2A,1247,348129,349375,1247,0,0,1,1,True,1,Dataset_Shard_0300000_0399999,train
CiYlq0pHhnM,1239,113135,114373,1239,0,0,1,1,True,1,Dataset_Shard_0100000_0199999,train
aKAbodQ83uk,1234,294315,295548,1234,0,0,1,1,True,1,Dataset_Shard_0200000_0299999,train
9AE2GviExXs,1233,80324,81556,1233,0,0,1,1,True,1,Dataset_Shard_0000000_0099999,train
q4vz6MTv3g8,1227,428130,429356,1227,0,0,1,1,True,1,Dataset_Shard_0400000_0499999,train
OOXpm9RUBr4,1224,213408,214631,1224,0,0,1,1,True,1,Dataset_Shard_0200000_0299999,train
kxunkO4v048,1224,379153,380376,1224,0,0,1,1,True,1,Dataset_Shard_0300000_0399999,val
0U2jrFZuBZM,1221,10049,11269,1221,0,0,1,1,True,1,Dataset_Shard_0000000_0099999,train
JricrURk4aQ,1221,168023,169243,1221,0,0,1,1,True,1,Dataset_Shard_0100000_0199999,train
R8C5qDxBYj0,1221,236759,237979,1221,0,0,1,1,True,1,Dataset_Shard_0200000_0299999,train
5sNeoy5PKug,1220,52201,53420,1220,0,0,1,1,True,1,Dataset_Shard_0000000_0099999,train
dtf0Qt8rCPE,1220,321556,322775,1220,0,0,1,1,True,1,Dataset_Shard_0300000_0399999,train
5smiMjCVrkg,1216,53421,54636,1216,0,0,1,1,True,1,Dataset_Shard_0000000_0099999,train
lEgp6oBfREo,1216,382028,383243,1216,0,0,1,1,True,1,Dataset_Shard_0300000_0399999,train
nvGSZykPC-E,1216,404637,405852,1216,0,0,1,1,True,1,Dataset_Shard_0400000_0499999,train
e6FMbxEpdus,1214,324175,325388,1214,0,0,1,1,True,1,Dataset_Shard_0300000_0399999,val
K_9S0CZoNLw,1210,172608,173817,1210,0,0,1,1,True,1,Dataset_Shard_0100000_0199999,train
51bXx1vyjBE,1207,44309,45515,1207,0,0,1,1,True,1,Dataset_Shard_0000000_0099999,train
7HV-wL3jJ5U,1203,66789,67991,1203,0,0,1,1,True,1,Dataset_Shard_0000000_0099999,val
nhbz8VTchUE,1203,403434,404636,1203,0,0,1,1,True,1,Dataset_Shard_0400000_0499999,train
PfsdriLJNvI,1200,222218,223417,1200,0,0,1,1,True,1,Dataset_Shard_0200000_0299999,test
-VAjjH6TTts,1194,2378,3571,1194,0,0,1,1,True,1,Dataset_Shard_0000000_0099999,test
DlBR2IuS-_Q,1182,126502,127683,1182,0,0,1,1,True,1,Dataset_Shard_0100000_0199999,train
Nd5eAZn0k8Q,1178,201775,202952,1178,0,0,1,1,True,1,Dataset_Shard_0200000_0299999,train
sMUdNbpJLWw,1170,442211,443380,1170,0,0,1,1,True,1,Dataset_Shard_0400000_0499999,train
qJHtaMqYzd8,1169,430646,431814,1169,0,0,1,1,True,1,Dataset_Shard_0400000_0499999,train
n7YqEWvxyrA,1164,396847,398010,1164,0,0,1,1,True,1,Dataset_Shard_0300000_0399999,train
L_MDy-YN-qU,1163,179742,180904,1163,0,0,1,1,True,1,Dataset_Shard_0100000_0199999,val
fOLyRAD-0Zw,1162,335576,336737,1162,0,0,1,1,True,1,Dataset_Shard_0300000_0399999,val
FzpQ92s8Idw,1157,142742,143898,1157,0,0,1,1,True,1,Dataset_Shard_0100000_0199999,train
5HzD-gmSlU0,1152,48263,49414,1152,0,0,1,1,True,1,Dataset_Shard_0000000_0099999,train
nVCvscVOQJM,1150,399884,401033,1150,0,0,1,1,True,2,Dataset_Shard_0300000_0399999|Dataset_Shard_0400000_0499999,test
b7nnK-iWh_s,1149,299970,301118,1149,0,0,1,1,True,2,Dataset_Shard_0200000_0299999|Dataset_Shard_0300000_0399999,train
5GLtwzZw3tc,1146,47117,48262,1146,0,0,1,1,True,1,Dataset_Shard_0000000_0099999,train
kMMFVGirbAo,1141,373170,374310,1141,0,0,1,1,True,1,Dataset_Shard_0300000_0399999,test
TDCUZ3rN6H8,1138,249990,251127,1138,0,0,1,1,True,1,Dataset_Shard_0200000_0299999,train
lpi9Yuj2Lk_,1112,386573,387684,1112,0,0,1,1,True,1,Dataset_Shard_0300000_0399999,train
SpUWKtLtTN8,1111,246974,248084,1111,0,0,1,1,True,1,Dataset_Shard_0200000_0299999,train
P42sNbDRQVI,1102,215071,216172,1102,0,0,1,1,True,1,Dataset_Shard_0200000_0299999,train
8BgfmtrtmLI,1101,73813,74913,1101,0,0,1,1,True,1,Dataset_Shard_0000000_0099999,train
jzgW4PGt3XE,1101,372069,373169,1101,0,0,1,1,True,1,Dataset_Shard_0300000_0399999,val
LY8eSMG5Zg_,1100,178642,179741,1100,0,0,1,1,True,1,Dataset_Shard_0100000_0199999,train
MKXS5-a6wB4,1100,185637,186736,1100,0,0,1,1,True,1,Dataset_Shard_0100000_0199999,train
eg5ydF06A9U,1099,329457,330555,1099,0,0,1,1,True,1,Dataset_Shard_0300000_0399999,train
FF6KGtNtiwQ,1098,135603,136700,1098,0,0,1,1,True,1,Dataset_Shard_0100000_0199999,train
3PHrXAE7new,1095,31158,32252,1095,0,0,1,1,True,1,Dataset_Shard_0000000_0099999,val
FhpkDxLChRA,1094,140373,141466,1094,0,0,1,1,True,1,Dataset_Shard_0100000_0199999,train
tFReD_CSTZQ,1094,446655,447748,1094,0,0,1,1,True,1,Dataset_Shard_0400000_0499999,test
wi-keYwDk1s,1086,471608,472693,1086,0,0,1,1,True,1,Dataset_Shard_0400000_0499999,train
Ursk6DLqdv4,1083,266380,267462,1083,0,0,1,1,True,1,Dataset_Shard_0200000_0299999,train
DZHdNtwKBMo,1079,123024,124102,1079,0,0,1,1,True,1,Dataset_Shard_0100000_0199999,train
aIi6zkwglCM,1078,293237,294314,1078,0,0,1,1,True,1,Dataset_Shard_0200000_0299999,train
4OwtoyYoSKY,1075,40739,41813,1075,0,0,1,1,True,1,Dataset_Shard_0000000_0099999,train
Xkv0iBd50dQ,1073,279759,280831,1073,0,0,1,1,True,1,Dataset_Shard_0200000_0299999,train
og-5KsPqZrA,1071,415811,416881,1071,0,0,1,1,True,1,Dataset_Shard_0400000_0499999,train
sM1dnw-TOcE,1066,441145,442210,1066,0,0,1,1,True,1,Dataset_Shard_0400000_0499999,test
YBdiEmhvUL4,1062,281410,282471,1062,0,0,1,1,True,1,Dataset_Shard_0200000_0299999,val
UhLOi799970,1059,265321,266379,1059,0,0,1,1,True,1,Dataset_Shard_0200000_0299999,train
6oSMlrVPW8w,1056,58884,59939,1056,0,0,1,1,True,1,Dataset_Shard_0000000_0099999,train
F89GbwV1duU,1052,134551,135602,1052,0,0,1,1,True,1,Dataset_Shard_0100000_0199999,train
2KbVOj8YcRw,1046,24688,25733,1046,0,0,1,1,True,1,Dataset_Shard_0000000_0099999,train
SrkeG7CkkJY,1046,248085,249130,1046,0,0,1,1,True,1,Dataset_Shard_0200000_0299999,train
bkQ5uGu5qE8,1045,306193,307237,1045,0,0,1,1,True,1,Dataset_Shard_0300000_0399999,train
NTTKigtDFOM,1044,199899,200942,1044,0,0,1,1,True,2,Dataset_Shard_0100000_0199999|Dataset_Shard_0200000_0299999,val
Mb1sAgqD2zk,1041,190952,191992,1041,0,0,1,1,True,1,Dataset_Shard_0100000_0199999,train
ir37UNwA0L8,1039,365529,366567,1039,0,0,1,1,True,1,Dataset_Shard_0300000_0399999,train
kwXkEFlx1Q4,1038,377648,378685,1038,0,0,1,1,True,1,Dataset_Shard_0300000_0399999,train
FUGgFV3WFig,1035,139338,140372,1035,0,0,1,1,True,1,Dataset_Shard_0100000_0199999,train
Yg5Ssy3qkgQ,1035,285356,286390,1035,0,0,1,1,True,1,Dataset_Shard_0200000_0299999,train
Cl1w60d8Tqc,1026,114374,115399,1026,0,0,1,1,True,1,Dataset_Shard_0100000_0199999,train
uJLCrvIrjqA,1026,453260,454285,1026,0,0,1,1,True,1,Dataset_Shard_0400000_0499999,train
CIc39aXlHRY,1023,106843,107865,1023,0,0,1,1,True,1,Dataset_Shard_0100000_0199999,train
5Cq1OqWFAzw,1020,46097,47116,1020,0,0,1,1,True,1,Dataset_Shard_0000000_0099999,test
CIkvuF5f6ak,1020,107866,108885,1020,0,0,1,1,True,1,Dataset_Shard_0100000_0199999,val
2aDuMKNR8Z0,1008,28113,29120,1008,0,0,1,1,True,1,Dataset_Shard_0000000_0099999,train
TqH1zY7HkZE,1008,256854,257861,1008,0,0,1,1,True,1,Dataset_Shard_0200000_0299999,train
8rYV4ViS9U4,1007,77659,78665,1007,0,0,1,1,True,1,Dataset_Shard_0000000_0099999,train
snGQA5LPehE,1006,444978,445983,1006,0,0,1,1,True,1,Dataset_Shard_0400000_0499999,train
8e9ejcfVQfY,1004,75681,76684,1004,0,0,1,1,True,1,Dataset_Shard_0000000_0099999,test
IWAeIhWK8k0,991,156414,157404,991,0,0,1,1,True,1,Dataset_Shard_0100000_0199999,train
FFcXOiRGMaU,990,136701,137690,990,0,0,1,1,True,1,Dataset_Shard_0100000_0199999,train
m8cxfdV2LB4,983,391239,392221,983,0,0,1,1,True,1,Dataset_Shard_0300000_0399999,train
joZScleEqcM,982,370627,371608,982,0,0,1,1,True,1,Dataset_Shard_0300000_0399999,train
PAp-oCbJbao,981,216173,217153,981,0,0,1,1,True,1,Dataset_Shard_0200000_0299999,train
xfv3d809TTc,981,477596,478576,981,0,0,1,1,True,1,Dataset_Shard_0400000_0499999,test
fM0ea2tSBNQ,980,334596,335575,980,0,0,1,1,True,1,Dataset_Shard_0300000_0399999,train
n72VzMg9PvU,976,395871,396846,976,0,0,1,1,True,1,Dataset_Shard_0300000_0399999,test
DwsiVdwkl_M,975,128331,129305,975,0,0,1,1,True,1,Dataset_Shard_0100000_0199999,train
4ZL5KtH01eQ,974,41814,42787,974,0,0,1,1,True,1,Dataset_Shard_0000000_0099999,train
8efNcdaz4zU,974,76685,77658,974,0,0,1,1,True,1,Dataset_Shard_0000000_0099999,train
DN3a8fF6FtU,972,120024,120995,972,0,0,1,1,True,1,Dataset_Shard_0100000_0199999,train
NxPc-RxaurE,968,209077,210044,968,0,0,1,1,True,1,Dataset_Shard_0200000_0299999,val
Q3-hgENLscU,968,227537,228504,968,0,0,1,1,True,1,Dataset_Shard_0200000_0299999,train
J2x0zNcfLzg,958,161859,162816,958,0,0,1,1,True,1,Dataset_Shard_0100000_0199999,test
z4KIYSXA8OY,955,487426,488380,955,0,0,1,1,True,1,Dataset_Shard_0400000_0499999,train
zg_dwcSRLxo,954,496066,497019,954,0,0,1,1,True,1,Dataset_Shard_0400000_0499999,val
UTkGQGJkQcM,953,263727,264679,953,0,0,1,1,True,1,Dataset_Shard_0200000_0299999,train
7Uke7HVpaeA,951,67992,68942,951,0,0,1,1,True,1,Dataset_Shard_0000000_0099999,train
2ZnT6CqmPoQ,942,27171,28112,942,0,0,1,1,True,1,Dataset_Shard_0000000_0099999,train
zsbl6oa5pGQ,940,499567,500506,940,0,0,1,1,True,2,Dataset_Shard_0400000_0499999|Dataset_Shard_0500000_0599999,train
lOe0gTapJ1k,937,385449,386385,937,0,0,1,1,True,1,Dataset_Shard_0300000_0399999,train
R2AgAYViA-Q,935,235824,236758,935,0,0,1,1,True,1,Dataset_Shard_0200000_0299999,train
HrG_CiyMH7A,933,150762,151694,933,0,0,1,1,True,1,Dataset_Shard_0100000_0199999,train
twyPRvVFhZM,930,452330,453259,930,0,0,1,1,True,1,Dataset_Shard_0400000_0499999,train
K1-1564mVaE,929,169244,170172,929,0,0,1,1,True,1,Dataset_Shard_0100000_0199999,train
QLqrGlVdPCw,929,231301,232229,929,0,0,1,1,True,1,Dataset_Shard_0200000_0299999,test
tMUc1b6NHsk,928,448904,449831,928,0,0,1,1,True,1,Dataset_Shard_0400000_0499999,train
Mwqts-3PkoQ,927,193787,194713,927,0,0,1,1,True,1,Dataset_Shard_0100000_0199999,train
ui7IAukQXtI,925,457839,458763,925,0,0,1,1,True,1,Dataset_Shard_0400000_0499999,train
IwlK3JWqWhA,923,159149,160071,923,0,0,1,1,True,1,Dataset_Shard_0100000_0199999,train
7nFvvB200qQ,922,70859,71780,922,0,0,1,1,True,1,Dataset_Shard_0000000_0099999,train
JF1WHXagVBg,922,165343,166264,922,0,0,1,1,True,1,Dataset_Shard_0100000_0199999,train
Wxgkda9YiHw,922,271510,272431,922,0,0,1,1,True,1,Dataset_Shard_0200000_0299999,train
BDFwFmaztC0,920,101218,102137,920,0,0,1,1,True,1,Dataset_Shard_0100000_0199999,train
qkQttwJ0DEY,920,432296,433215,920,0,0,1,1,True,1,Dataset_Shard_0400000_0499999,train
Xb5EGVKJPoI,919,278218,279136,919,0,0,1,1,True,1,Dataset_Shard_0200000_0299999,train
sAhIK9HKTqs,919,439759,440677,919,0,0,1,1,True,1,Dataset_Shard_0400000_0499999,train
wXJY7EQy4Ns,917,469527,470443,917,0,0,1,1,True,1,Dataset_Shard_0400000_0499999,val
za-_NYW8Mjo,916,494386,495301,916,0,0,1,1,True,1,Dataset_Shard_0400000_0499999,train
-jo_cPHYmjg,915,4109,5023,915,0,0,1,1,True,1,Dataset_Shard_0000000_0099999,test
B5IAda_ZR3Q,906,100312,101217,906,0,0,1,1,True,1,Dataset_Shard_0100000_0199999,train
PCuj0aU8-4E,905,217666,218570,905,0,0,1,1,True,1,Dataset_Shard_0200000_0299999,train
uu2DI2YM5VY,902,460128,461029,902,0,0,1,1,True,1,Dataset_Shard_0400000_0499999,train
87ygy8_a7Uk,893,72920,73812,893,0,0,1,1,True,1,Dataset_Shard_0000000_0099999,train
Zcn7rbz3Xqc,893,292344,293236,893,0,0,1,1,True,1,Dataset_Shard_0200000_0299999,train
hY6RjtE0L18,887,356577,357463,887,0,0,1,1,True,1,Dataset_Shard_0300000_0399999,test
kmoiuVMBrJg,886,376762,377647,886,0,0,1,1,True,1,Dataset_Shard_0300000_0399999,train
FNFe75hIKd4,885,138453,139337,885,0,0,1,1,True,1,Dataset_Shard_0100000_0199999,train
X7orN2iRgls,884,273738,274621,884,0,0,1,1,True,1,Dataset_Shard_0200000_0299999,train
4KfWaQz2Qxg,882,39857,40738,882,0,0,1,1,True,1,Dataset_Shard_0000000_0099999,train
bnVPLUTCR7U,879,307238,308116,879,0,0,1,1,True,1,Dataset_Shard_0300000_0399999,train
e0x_uAwuUVE,878,322776,323653,878,0,0,1,1,True,1,Dataset_Shard_0300000_0399999,val
M0U21_jIkjs,876,184224,185099,876,0,0,1,1,True,1,Dataset_Shard_0100000_0199999,train
PGb6eporHd4,874,219335,220208,874,0,0,1,1,True,1,Dataset_Shard_0200000_0299999,train
TlGCU7dVYvo,874,255641,256514,874,0,0,1,1,True,1,Dataset_Shard_0200000_0299999,train
btNRAupsVCA,873,308117,308989,873,0,0,1,1,True,1,Dataset_Shard_0300000_0399999,train
rJL6f0C3zVk,872,436436,437307,872,0,0,1,1,True,1,Dataset_Shard_0400000_0499999,train
4EtAcruEhTI,870,36951,37820,870,0,0,1,1,True,1,Dataset_Shard_0000000_0099999,train
1jkQfyIl7Kg,868,21312,22179,868,0,0,1,1,True,1,Dataset_Shard_0000000_0099999,train
EQhbPGMfvZU,866,132277,133142,866,0,0,1,1,True,1,Dataset_Shard_0100000_0199999,train
PVyHZ65Fny0,866,221352,222217,866,0,0,1,1,True,1,Dataset_Shard_0200000_0299999,train
xLp8iOxXFxo,864,475684,476547,864,0,0,1,1,True,1,Dataset_Shard_0400000_0499999,train
eAyLA25v2ls,863,325389,326251,863,0,0,1,1,True,1,Dataset_Shard_0300000_0399999,train
gcsbxVIuYr4,863,349376,350238,863,0,0,1,1,True,1,Dataset_Shard_0300000_0399999,train
rSvMG28dPqk,860,437873,438732,860,0,0,1,1,True,1,Dataset_Shard_0400000_0499999,test
SsxtoWJHb4o,859,249131,249989,859,0,0,1,1,True,1,Dataset_Shard_0200000_0299999,train
fj1Kji79nQ8,856,338711,339566,856,0,0,1,1,True,1,Dataset_Shard_0300000_0399999,train
0zLSpoyKV_A,852,14372,15223,852,0,0,1,1,True,1,Dataset_Shard_0000000_0099999,train
YNJTgfO5Mvs,851,283066,283916,851,0,0,1,1,True,1,Dataset_Shard_0200000_0299999,val
eVYUkO383bM,848,328609,329456,848,0,0,1,1,True,1,Dataset_Shard_0300000_0399999,train
ivKq1LrQnIw,847,366568,367414,847,0,0,1,1,True,1,Dataset_Shard_0300000_0399999,train
96ChCVGsYPM,846,79478,80323,846,0,0,1,1,True,1,Dataset_Shard_0000000_0099999,train
Gi3eUcsqhks,846,146306,147151,846,0,0,1,1,True,1,Dataset_Shard_0100000_0199999,train
d9IvvjcFxp8,846,319551,320396,846,0,0,1,1,True,1,Dataset_Shard_0300000_0399999,train
pGv2v2SSQY0,845,420250,421094,845,0,0,1,1,True,1,Dataset_Shard_0400000_0499999,train
6rdUDJMfJQc,843,59940,60782,843,0,0,1,1,True,1,Dataset_Shard_0000000_0099999,train
qnLfS6_QOQc,843,433216,434058,843,0,0,1,1,True,1,Dataset_Shard_0400000_0499999,train
ZBsE2JWimj0,842,289882,290723,842,0,0,1,1,True,1,Dataset_Shard_0200000_0299999,train
hds-48OBLUc,838,358202,359039,838,0,0,1,1,True,1,Dataset_Shard_0300000_0399999,train
NTl51OfTzPY,832,200943,201774,832,0,0,1,1,True,1,Dataset_Shard_0200000_0299999,train
z06sgpMVS10,831,485820,486650,831,0,0,1,1,True,1,Dataset_Shard_0400000_0499999,train
10gPc7VqgJk,828,15224,16051,828,0,0,1,1,True,1,Dataset_Shard_0000000_0099999,train
py87QzHSZHg,826,426525,427350,826,0,0,1,1,True,1,Dataset_Shard_0400000_0499999,train
zjbMfssb9tU,821,497020,497840,821,0,0,1,1,True,1,Dataset_Shard_0400000_0499999,train
1hla9mZZWKM,817,20495,21311,817,0,0,1,1,True,1,Dataset_Shard_0000000_0099999,train
rx9tSu1wTeY,815,438944,439758,815,0,0,1,1,True,1,Dataset_Shard_0400000_0499999,train
91wTIWNvkCg,812,78666,79477,812,0,0,1,1,True,1,Dataset_Shard_0000000_0099999,train
AOHQ0aYQ4QI,811,93692,94502,811,0,0,1,1,True,1,Dataset_Shard_0000000_0099999,train
MWvT1QbVPW4,811,190141,190951,811,0,0,1,1,True,1,Dataset_Shard_0100000_0199999,val
DhitzRyJg4k,810,125692,126501,810,0,0,1,1,True,1,Dataset_Shard_0100000_0199999,train
oeJE10KLFIk,808,415003,415810,808,0,0,1,1,True,1,Dataset_Shard_0400000_0499999,train
5oBOMUXaJwc,807,51394,52200,807,0,0,1,1,True,1,Dataset_Shard_0000000_0099999,test
xjdsZdUofoU,802,478577,479378,802,0,0,1,1,True,1,Dataset_Shard_0400000_0499999,train
TLUD5I3rzoc,800,251128,251927,800,0,0,1,1,True,1,Dataset_Shard_0200000_0299999,train
QULIHG8qXNw,799,234474,235272,799,0,0,1,1,True,1,Dataset_Shard_0200000_0299999,test
CzkK0xSXUMs,798,116875,117672,798,0,0,1,1,True,1,Dataset_Shard_0100000_0199999,test
xHaiHZ9xq9s,797,473575,474371,797,0,0,1,1,True,1,Dataset_Shard_0400000_0499999,train
TcjaEAyS8ts,791,254850,255640,791,0,0,1,1,True,1,Dataset_Shard_0200000_0299999,train
wXHNYyQIIA_,791,468736,469526,791,0,0,1,1,True,1,Dataset_Shard_0400000_0499999,train
oKwo2V65yJE,790,406404,407193,790,0,0,1,1,True,1,Dataset_Shard_0400000_0499999,val
1heJXaiMZBw,786,19709,20494,786,0,0,1,1,True,1,Dataset_Shard_0000000_0099999,train
3cwtNTYOszU,783,34035,34817,783,0,0,1,1,True,1,Dataset_Shard_0000000_0099999,test
q-XdFFWSAeQ,779,427351,428129,779,0,0,1,1,True,1,Dataset_Shard_0400000_0499999,val
p8-hHmHaQkQ,777,419473,420249,777,0,0,1,1,True,1,Dataset_Shard_0400000_0499999,val
z3mVtH-Jqw4,775,486651,487425,775,0,0,1,1,True,1,Dataset_Shard_0400000_0499999,train
ij9lUf2EqLQ,774,364036,364809,774,0,0,1,1,True,1,Dataset_Shard_0300000_0399999,train
vNuWxJankEQ,774,463895,464668,774,0,0,1,1,True,1,Dataset_Shard_0400000_0499999,train
C09ZpevuOVk,770,105383,106152,770,0,0,1,1,True,1,Dataset_Shard_0100000_0199999,train
Al4Q6ORp6CQ,769,96317,97085,769,0,0,1,1,True,1,Dataset_Shard_0000000_0099999,val
KGDAv4gY0CU,769,170173,170941,769,0,0,1,1,True,1,Dataset_Shard_0100000_0199999,train
UQfPmUjyJUM,768,262959,263726,768,0,0,1,1,True,1,Dataset_Shard_0200000_0299999,train
YTTraNue048,768,283917,284684,768,0,0,1,1,True,1,Dataset_Shard_0200000_0299999,train
8Fo-MdmXmBE,767,74914,75680,767,0,0,1,1,True,1,Dataset_Shard_0000000_0099999,train
PF0ym46Ji90,764,218571,219334,764,0,0,1,1,True,1,Dataset_Shard_0200000_0299999,train
zbn9xbXTC00,764,495302,496065,764,0,0,1,1,True,1,Dataset_Shard_0400000_0499999,train
AG0EifkPvGY,760,91307,92066,760,0,0,1,1,True,1,Dataset_Shard_0000000_0099999,train
g0YkYrnLS_A,760,339567,340326,760,0,0,1,1,True,1,Dataset_Shard_0300000_0399999,train
n0gRomV5Gnk,753,394478,395230,753,0,0,1,1,True,1,Dataset_Shard_0300000_0399999,train
fGK4CtMVIGk,751,333277,334027,751,0,0,1,1,True,1,Dataset_Shard_0300000_0399999,train
gpSJUuKG1rY,751,350781,351531,751,0,0,1,1,True,1,Dataset_Shard_0300000_0399999,train
wZIPPpbh3_c,747,470861,471607,747,0,0,1,1,True,1,Dataset_Shard_0400000_0499999,train
LCu1WeLTHHs,744,177246,177989,744,0,0,1,1,True,1,Dataset_Shard_0100000_0199999,train
S-x-08mtMhM,744,242797,243540,744,0,0,1,1,True,1,Dataset_Shard_0200000_0299999,test
tKpQA-YM5qw,740,448164,448903,740,0,0,1,1,True,1,Dataset_Shard_0400000_0499999,train
IJ6v8unnzlw,739,155259,155997,739,0,0,1,1,True,1,Dataset_Shard_0100000_0199999,train
haSfscv0K_Q,738,357464,358201,738,0,0,1,1,True,1,Dataset_Shard_0300000_0399999,train
uyHdKE2S3m8,738,462624,463361,738,0,0,1,1,True,1,Dataset_Shard_0400000_0499999,train
if7qojtGe5U,736,363300,364035,736,0,0,1,1,True,1,Dataset_Shard_0300000_0399999,train
oXwNFZng37M,733,411206,411938,733,0,0,1,1,True,1,Dataset_Shard_0400000_0499999,train
zAmGTHQ8LUI,730,490717,491446,730,0,0,1,1,True,1,Dataset_Shard_0400000_0499999,train
4bA4M-spkoI,724,42788,43511,724,0,0,1,1,True,1,Dataset_Shard_0000000_0099999,test
NNaNjLEnyCc,724,198747,199470,724,0,0,1,1,True,1,Dataset_Shard_0100000_0199999,train
gKgHFMHDn3g,724,342277,343000,724,0,0,1,1,True,1,Dataset_Shard_0300000_0399999,train
fcmXnubsug8,719,337992,338710,719,0,0,1,1,True,1,Dataset_Shard_0300000_0399999,train
ijkiYD_qvrI,719,364810,365528,719,0,0,1,1,True,1,Dataset_Shard_0300000_0399999,train
ZPGB4_jJCyc,717,290724,291440,717,0,0,1,1,True,1,Dataset_Shard_0200000_0299999,train
HDs_owlm-kM,716,147748,148463,716,0,0,1,1,True,1,Dataset_Shard_0100000_0199999,test
G5iYNFJuHkc,715,143899,144613,715,0,0,1,1,True,1,Dataset_Shard_0100000_0199999,train
J_Q3FptXl4E,715,166723,167437,715,0,0,1,1,True,1,Dataset_Shard_0100000_0199999,train
S9MeH6oej30,715,243541,244255,715,0,0,1,1,True,1,Dataset_Shard_0200000_0299999,train
9vQKn6w95ow,710,87442,88151,710,0,0,1,1,True,1,Dataset_Shard_0000000_0099999,train
uaW87-Yz9wQ,709,456030,456738,709,0,0,1,1,True,1,Dataset_Shard_0400000_0499999,test
F1UNeBWv6Ww,705,133143,133847,705,0,0,1,1,True,1,Dataset_Shard_0100000_0199999,train
WomgOCKLrVc,705,270805,271509,705,0,0,1,1,True,1,Dataset_Shard_0200000_0299999,train
hWgU6TyNnkw,703,355874,356576,703,0,0,1,1,True,1,Dataset_Shard_0300000_0399999,val
tVK6t2vfa6g,701,450993,451693,701,0,0,1,1,True,1,Dataset_Shard_0400000_0499999,train
eC9gwP4mNPQ,698,326252,326949,698,0,0,1,1,True,1,Dataset_Shard_0300000_0399999,train
ck3jZjhnQ84,697,316424,317120,697,0,0,1,1,True,1,Dataset_Shard_0300000_0399999,train
EJiNfGhoa3Y,696,131581,132276,696,0,0,1,1,True,1,Dataset_Shard_0100000_0199999,train
cTIbhq8KHSM,691,314309,314999,691,0,0,1,1,True,1,Dataset_Shard_0300000_0399999,train
UzHgEVKrIqc,689,267463,268151,689,0,0,1,1,True,1,Dataset_Shard_0200000_0299999,train
J8RgC4W1HeU,687,164656,165342,687,0,0,1,1,True,1,Dataset_Shard_0100000_0199999,test
zXVq4sDkwEQ,687,493699,494385,687,0,0,1,1,True,1,Dataset_Shard_0400000_0499999,train
BaGpiUru22U,686,102597,103282,686,0,0,1,1,True,1,Dataset_Shard_0100000_0199999,train
WQGAJwFwH0w,686,268755,269440,686,0,0,1,1,True,1,Dataset_Shard_0200000_0299999,train
I4YrJCXtmDQ,683,154576,155258,683,0,0,1,1,True,1,Dataset_Shard_0100000_0199999,train
TxDFFE1BV8k,682,257862,258543,682,0,0,1,1,True,1,Dataset_Shard_0200000_0299999,train
WRYnLiiVC_o,682,269441,270122,682,0,0,1,1,True,1,Dataset_Shard_0200000_0299999,train
WaNC6Haohmo,682,270123,270804,682,0,0,1,1,True,1,Dataset_Shard_0200000_0299999,train
aRF_slIwqM4,682,295549,296230,682,0,0,1,1,True,1,Dataset_Shard_0200000_0299999,val
DXcoe1mtinI,680,122344,123023,680,0,0,1,1,True,1,Dataset_Shard_0100000_0199999,train
c7Al1YuIwUI,680,310262,310941,680,0,0,1,1,True,1,Dataset_Shard_0300000_0399999,train
0uLJTnNb2Es,678,12577,13254,678,0,0,1,1,True,1,Dataset_Shard_0000000_0099999,train
6s1nSHVMZwM,678,60783,61460,678,0,0,1,1,True,1,Dataset_Shard_0000000_0099999,train
c2Gd126Ko_w,678,308990,309667,678,0,0,1,1,True,1,Dataset_Shard_0300000_0399999,train
Z_Nk-d3D3VI,676,291441,292116,676,0,0,1,1,True,1,Dataset_Shard_0200000_0299999,train
Pxfgv-VzJb8,672,226865,227536,672,0,0,1,1,True,1,Dataset_Shard_0200000_0299999,train
YUA8cOH4wTA,671,284685,285355,671,0,0,1,1,True,1,Dataset_Shard_0200000_0299999,train
soqNFAIhsEA,671,445984,446654,671,0,0,1,1,True,1,Dataset_Shard_0400000_0499999,train
aUad-7rZkQE,669,296231,296899,669,0,0,1,1,True,1,Dataset_Shard_0200000_0299999,train
dpttD5WWzs0,669,320887,321555,669,0,0,1,1,True,1,Dataset_Shard_0300000_0399999,train
Mz477FcOK1I,668,194714,195381,668,0,0,1,1,True,1,Dataset_Shard_0100000_0199999,train
IgXDqL9n1yc,666,157405,158070,666,0,0,1,1,True,1,Dataset_Shard_0100000_0199999,train
3AR1FxFue7c,665,29519,30183,665,0,0,1,1,True,1,Dataset_Shard_0000000_0099999,train
X5tZRyCgJK8,662,273076,273737,662,0,0,1,1,True,1,Dataset_Shard_0200000_0299999,train
NDEQ8jZEeMg,661,197602,198262,661,0,0,1,1,True,1,Dataset_Shard_0100000_0199999,train
bf8S2Tnk5-c,657,305536,306192,657,0,0,1,1,True,1,Dataset_Shard_0300000_0399999,train
cCQSFjK9mhw,655,310942,311596,655,0,0,1,1,True,1,Dataset_Shard_0300000_0399999,train
1kyGOkXUEKI,653,22180,22832,653,0,0,1,1,True,1,Dataset_Shard_0000000_0099999,train
LNm-RsObqrI,652,177990,178641,652,0,0,1,1,True,1,Dataset_Shard_0100000_0199999,train
0xr9UkXgp2E,650,13722,14371,650,0,0,1,1,True,1,Dataset_Shard_0000000_0099999,val
kTz4ixn3FNQ,648,375631,376278,648,0,0,1,1,True,1,Dataset_Shard_0300000_0399999,train
DpcTinoxOZQ,647,127684,128330,647,0,0,1,1,True,1,Dataset_Shard_0100000_0199999,train
b4wQRPqpcHo,647,299323,299969,647,0,0,1,1,True,1,Dataset_Shard_0200000_0299999,train
xUp_PDUsIyc,645,476548,477192,645,0,0,1,1,True,1,Dataset_Shard_0400000_0499999,val
WzV4jMKBeew,644,272432,273075,644,0,0,1,1,True,1,Dataset_Shard_0200000_0299999,train
tUAYRMtMyb0,644,450349,450992,644,0,0,1,1,True,1,Dataset_Shard_0400000_0499999,val
3Cg8-eoNXdY,642,30184,30825,642,0,0,1,1,True,1,Dataset_Shard_0000000_0099999,train
AzqgcU5_3mo,641,99052,99692,641,0,0,1,1,True,1,Dataset_Shard_0000000_0099999,train
RrCuR6tPFxI,641,242156,242796,641,0,0,1,1,True,1,Dataset_Shard_0200000_0299999,train
UVKesI-XW-I,641,264680,265320,641,0,0,1,1,True,1,Dataset_Shard_0200000_0299999,train
7nYRFn4c0B8,640,71781,72420,640,0,0,1,1,True,1,Dataset_Shard_0000000_0099999,train
n1jA2GVDa-o,640,395231,395870,640,0,0,1,1,True,1,Dataset_Shard_0300000_0399999,train
C5tgj76oc7E,638,106153,106790,638,0,0,1,1,True,1,Dataset_Shard_0100000_0199999,train
jlS3u6WQJ0k,638,369989,370626,638,0,0,1,1,True,1,Dataset_Shard_0300000_0399999,train
GVoppuU8cFo,637,145669,146305,637,0,0,1,1,True,1,Dataset_Shard_0100000_0199999,train
oLt2YHQmxyo,634,407194,407827,634,0,0,1,1,True,1,Dataset_Shard_0400000_0499999,train
9yQHxxtlxt4,629,88152,88780,629,0,0,1,1,True,1,Dataset_Shard_0000000_0099999,train
QRGS3EjB5I4,629,233845,234473,629,0,0,1,1,True,1,Dataset_Shard_0200000_0299999,train
1cMfYuRTDX4,624,19085,19708,624,0,0,1,1,True,1,Dataset_Shard_0000000_0099999,train
NsLZGmOq9MM,622,206582,207203,622,0,0,1,1,True,1,Dataset_Shard_0200000_0299999,train
XhaQLBKD6Sc,622,279137,279758,622,0,0,1,1,True,1,Dataset_Shard_0200000_0299999,train
Ykj7lbApeTs,622,286391,287012,622,0,0,1,1,True,1,Dataset_Shard_0200000_0299999,train
B3np71w5K1c,619,99693,100311,619,0,0,1,1,True,2,Dataset_Shard_0000000_0099999|Dataset_Shard_0100000_0199999,train
vrgv_E5pDII,614,464669,465282,614,0,0,1,1,True,1,Dataset_Shard_0400000_0499999,train
ncA2W_lCihM,613,401034,401646,613,0,0,1,1,True,1,Dataset_Shard_0400000_0499999,test
oli_KZ4buY_,613,416882,417494,613,0,0,1,1,True,1,Dataset_Shard_0400000_0499999,train
paTT6mFga2A,609,423815,424423,609,0,0,1,1,True,1,Dataset_Shard_0400000_0499999,train
udfXY1v4lks,604,456739,457342,604,0,0,1,1,True,1,Dataset_Shard_0400000_0499999,test
WNqNsRzvBvo,603,268152,268754,603,0,0,1,1,True,1,Dataset_Shard_0200000_0299999,train
IknWlKwrkqM,602,158071,158672,602,0,0,1,1,True,1,Dataset_Shard_0100000_0199999,train
j9xytCxCRas,602,367415,368016,602,0,0,1,1,True,1,Dataset_Shard_0300000_0399999,train
BevoiaUK5ao,601,104782,105382,601,0,0,1,1,True,1,Dataset_Shard_0100000_0199999,train
6QeMNsQww3A,599,57700,58298,599,0,0,1,1,True,1,Dataset_Shard_0000000_0099999,train
d21L6jFe6C8,597,318954,319550,597,0,0,1,1,True,1,Dataset_Shard_0300000_0399999,train
vwz7M5xbztM,597,465283,465879,597,0,0,1,1,True,1,Dataset_Shard_0400000_0499999,train
GrND9qai5pY,596,147152,147747,596,0,0,1,1,True,1,Dataset_Shard_0100000_0199999,train
YLFEJ_74Qps,594,282472,283065,594,0,0,1,1,True,1,Dataset_Shard_0200000_0299999,train
c3SQmrJFsLY,594,309668,310261,594,0,0,1,1,True,1,Dataset_Shard_0300000_0399999,test
6KzSnrEFKlU,593,54637,55229,593,0,0,1,1,True,1,Dataset_Shard_0000000_0099999,train
ph67f1KcoCc,591,424424,425014,591,0,0,1,1,True,1,Dataset_Shard_0400000_0499999,train
9Tq2xbgsGkM,589,81733,82321,589,0,0,1,1,True,1,Dataset_Shard_0000000_0099999,train
gQW3RFC0ofo,588,343001,343588,588,0,0,1,1,True,1,Dataset_Shard_0300000_0399999,train
6mmq34Ib8xg,585,58299,58883,585,0,0,1,1,True,1,Dataset_Shard_0000000_0099999,train
JiFbkH4lkEA,585,167438,168022,585,0,0,1,1,True,1,Dataset_Shard_0100000_0199999,train
iNEWcQaXeKw,585,362715,363299,585,0,0,1,1,True,1,Dataset_Shard_0300000_0399999,train
27uEnvzS8O4,584,24104,24687,584,0,0,1,1,True,1,Dataset_Shard_0000000_0099999,train
PON6UARN2Ho,582,220209,220790,582,0,0,1,1,True,1,Dataset_Shard_0200000_0299999,val
59_VE9iR-fE,581,45516,46096,581,0,0,1,1,True,1,Dataset_Shard_0000000_0099999,train
Nenwue8ACQE,577,202953,203529,577,0,0,1,1,True,1,Dataset_Shard_0200000_0299999,train
Ccs73enFclU,575,112560,113134,575,0,0,1,1,True,1,Dataset_Shard_0100000_0199999,train
fJ0BU_4rY28,568,334028,334595,568,0,0,1,1,True,1,Dataset_Shard_0300000_0399999,train
0TJxBDyP9dw,565,9484,10048,565,0,0,1,1,True,1,Dataset_Shard_0000000_0099999,train
rLlr1JgTkDk,565,437308,437872,565,0,0,1,1,True,1,Dataset_Shard_0400000_0499999,train
yQGj3B57_Iw,565,479379,479943,565,0,0,1,1,True,1,Dataset_Shard_0400000_0499999,train
RWeESNvnYQs,564,238938,239501,564,0,0,1,1,True,1,Dataset_Shard_0200000_0299999,train
ROt4Y-lkzD8,562,237980,238541,562,0,0,1,1,True,1,Dataset_Shard_0200000_0299999,train
4F1jCw1yzKA,561,37821,38381,561,0,0,1,1,True,1,Dataset_Shard_0000000_0099999,val
PQO_bd79mec,561,220791,221351,561,0,0,1,1,True,1,Dataset_Shard_0200000_0299999,val
G8vA3NnBdms,554,145115,145668,554,0,0,1,1,True,1,Dataset_Shard_0100000_0199999,val
QZqfMruo1-w,551,235273,235823,551,0,0,1,1,True,1,Dataset_Shard_0200000_0299999,train
o4fPTM4nXHA,551,405853,406403,551,0,0,1,1,True,1,Dataset_Shard_0400000_0499999,train
g6LFKsNbbnw,549,340327,340875,549,0,0,1,1,True,1,Dataset_Shard_0300000_0399999,train
MwffJW2HSBw,547,193240,193786,547,0,0,1,1,True,1,Dataset_Shard_0100000_0199999,train
gdh2-9qm8fE,542,350239,350780,542,0,0,1,1,True,1,Dataset_Shard_0300000_0399999,train
Hvip1xhAJEk,541,151695,152235,541,0,0,1,1,True,1,Dataset_Shard_0100000_0199999,train
mFrrmh9euA4,541,392222,392762,541,0,0,1,1,True,1,Dataset_Shard_0300000_0399999,train
-Hs-zuBOlQE,539,0,538,539,0,0,1,1,True,1,Dataset_Shard_0000000_0099999,train
-bqSDAsWptU,537,3572,4108,537,0,0,1,1,True,1,Dataset_Shard_0000000_0099999,train
MI9SBkWfYeE,537,185100,185636,537,0,0,1,1,True,1,Dataset_Shard_0100000_0199999,train
f10cdSfKzdc,537,332740,333276,537,0,0,1,1,True,1,Dataset_Shard_0300000_0399999,train
vCp0mrZdlmU,533,463362,463894,533,0,0,1,1,True,1,Dataset_Shard_0400000_0499999,train
5ITYjnz12-Y,532,49415,49946,532,0,0,1,1,True,1,Dataset_Shard_0000000_0099999,train
ng40P4mMO3s,532,402902,403433,532,0,0,1,1,True,1,Dataset_Shard_0400000_0499999,train
OK0NO9Pofgk,531,210516,211046,531,0,0,1,1,True,1,Dataset_Shard_0200000_0299999,val
qxwqNmXb_pM,526,435910,436435,526,0,0,1,1,True,1,Dataset_Shard_0400000_0499999,train
NumylOGDIqs,525,208552,209076,525,0,0,1,1,True,1,Dataset_Shard_0200000_0299999,train
cF3FypUIZhA,522,311597,312118,522,0,0,1,1,True,1,Dataset_Shard_0300000_0399999,train
e63J3OFgS7M,521,323654,324174,521,0,0,1,1,True,1,Dataset_Shard_0300000_0399999,train
HvxUw40lGmU,520,152236,152755,520,0,0,1,1,True,1,Dataset_Shard_0100000_0199999,val
jOYC6mxNnOU,518,368017,368534,518,0,0,1,1,True,1,Dataset_Shard_0300000_0399999,train
tTHpaGSDRCA,517,449832,450348,517,0,0,1,1,True,1,Dataset_Shard_0400000_0499999,train
CNbMProDX_I,515,108886,109400,515,0,0,1,1,True,1,Dataset_Shard_0100000_0199999,train
aq7naPyd_ps,513,296900,297412,513,0,0,1,1,True,1,Dataset_Shard_0200000_0299999,train
PBh8_Cc90uw,512,217154,217665,512,0,0,1,1,True,1,Dataset_Shard_0200000_0299999,train
UFtV7H3fdIs,510,262449,262958,510,0,0,1,1,True,1,Dataset_Shard_0200000_0299999,train
jaAfalvJdzs,505,369484,369988,505,0,0,1,1,True,1,Dataset_Shard_0300000_0399999,train
G6vEW8-Tk5w,501,144614,145114,501,0,0,1,1,True,1,Dataset_Shard_0100000_0199999,train
7tf2BC4mC8s,499,72421,72919,499,0,0,1,1,True,1,Dataset_Shard_0000000_0099999,train
Z3wah38KgoA,498,289384,289881,498,0,0,1,1,True,1,Dataset_Shard_0200000_0299999,train
udsPZ1WnDLY,496,457343,457838,496,0,0,1,1,True,1,Dataset_Shard_0400000_0499999,train
hT-ia0Oj-VE,495,355379,355873,495,0,0,1,1,True,1,Dataset_Shard_0300000_0399999,train
dadeCjt1zZ8,490,320397,320886,490,0,0,1,1,True,1,Dataset_Shard_0300000_0399999,train
ukBG8k6dca4,490,459176,459665,490,0,0,1,1,True,1,Dataset_Shard_0400000_0499999,train
zHY3o_AprOU,486,491672,492157,486,0,0,1,1,True,1,Dataset_Shard_0400000_0499999,test
m6Nb2qOf30Y,485,390754,391238,485,0,0,1,1,True,1,Dataset_Shard_0300000_0399999,train
NMv_tUPIx3M,484,198263,198746,484,0,0,1,1,True,1,Dataset_Shard_0100000_0199999,val
jYXIs1jlomo,483,369001,369483,483,0,0,1,1,True,1,Dataset_Shard_0300000_0399999,train
kkSQWC1v0Zs,483,376279,376761,483,0,0,1,1,True,1,Dataset_Shard_0300000_0399999,train
qUEhPbkqz0w,481,431815,432295,481,0,0,1,1,True,1,Dataset_Shard_0400000_0499999,train
XK0SUybge_0,477,277017,277493,477,0,0,1,1,True,1,Dataset_Shard_0200000_0299999,train
IpeCPBTMsp8,476,158673,159148,476,0,0,1,1,True,1,Dataset_Shard_0100000_0199999,train
U5_e_c9A3Rc,475,258544,259018,475,0,0,1,1,True,1,Dataset_Shard_0200000_0299999,train
cFUZYGRYK94,472,312119,312590,472,0,0,1,1,True,1,Dataset_Shard_0300000_0399999,train
O6svjbPlqR0,471,210045,210515,471,0,0,1,1,True,1,Dataset_Shard_0200000_0299999,train
KcYwOQfhWUk,470,173818,174287,470,0,0,1,1,True,1,Dataset_Shard_0100000_0199999,test
XHK8f0jmGFw,470,276547,277016,470,0,0,1,1,True,1,Dataset_Shard_0200000_0299999,train
0w6Ky8PBYSQ,467,13255,13721,467,0,0,1,1,True,1,Dataset_Shard_0000000_0099999,train
3xK6shdTeCs,467,35367,35833,467,0,0,1,1,True,1,Dataset_Shard_0000000_0099999,train
kx4_1AOBE18,467,378686,379152,467,0,0,1,1,True,1,Dataset_Shard_0300000_0399999,train
sBLH1z63TGw,467,440678,441144,467,0,0,1,1,True,1,Dataset_Shard_0400000_0499999,train
jTsp_AmBAo0,466,368535,369000,466,0,0,1,1,True,1,Dataset_Shard_0300000_0399999,train
wxv1SDr8Kck,466,473109,473574,466,0,0,1,1,True,1,Dataset_Shard_0400000_0499999,test
nNo4Kzvf548,464,399420,399883,464,0,0,1,1,True,1,Dataset_Shard_0300000_0399999,train
ukn-1au2zeM,462,459666,460127,462,0,0,1,1,True,1,Dataset_Shard_0400000_0499999,train
DzJPrFInDgI,461,129306,129766,461,0,0,1,1,True,1,Dataset_Shard_0100000_0199999,val
jsECb6fwYeM,460,371609,372068,460,0,0,1,1,True,1,Dataset_Shard_0300000_0399999,train
BI2jJ2nsUaw,459,102138,102596,459,0,0,1,1,True,1,Dataset_Shard_0100000_0199999,train
79n77IIyriY,458,66331,66788,458,0,0,1,1,True,1,Dataset_Shard_0000000_0099999,train
JGxn16KUavc,458,166265,166722,458,0,0,1,1,True,1,Dataset_Shard_0100000_0199999,val
-Qoo3Uq5-50,457,1921,2377,457,0,0,1,1,True,1,Dataset_Shard_0000000_0099999,train
7erD56xKJaM,454,70405,70858,454,0,0,1,1,True,1,Dataset_Shard_0000000_0099999,train
4Djb4L_VGIU,450,36501,36950,450,0,0,1,1,True,1,Dataset_Shard_0000000_0099999,val
KiIkP5rt664,449,174288,174736,449,0,0,1,1,True,1,Dataset_Shard_0100000_0199999,train
XSkVffeCQ8c,440,277778,278217,440,0,0,1,1,True,1,Dataset_Shard_0200000_0299999,train
hyxtYzAFcv8,440,360845,361284,440,0,0,1,1,True,1,Dataset_Shard_0300000_0399999,train
NSBXNBFcSM_,428,199471,199898,428,0,0,1,1,True,1,Dataset_Shard_0100000_0199999,train
trD-QUe4ZNU,428,451902,452329,428,0,0,1,1,True,1,Dataset_Shard_0400000_0499999,train
hgp1tH8T4qA,418,359040,359457,418,0,0,1,1,True,1,Dataset_Shard_0300000_0399999,train
cqUD7jK9olE,417,317121,317537,417,0,0,1,1,True,1,Dataset_Shard_0300000_0399999,train
wXQHg2GbOv4,417,470444,470860,417,0,0,1,1,True,1,Dataset_Shard_0400000_0499999,train
IMYS4tzoiWw,416,155998,156413,416,0,0,1,1,True,1,Dataset_Shard_0100000_0199999,train
F1mXo8STM24,415,133848,134262,415,0,0,1,1,True,1,Dataset_Shard_0100000_0199999,train
tIZcUgrcWWc,415,447749,448163,415,0,0,1,1,True,1,Dataset_Shard_0400000_0499999,val
wt0RIrkrfY_,415,472694,473108,415,0,0,1,1,True,1,Dataset_Shard_0400000_0499999,train
ujOANeD1dtA,412,458764,459175,412,0,0,1,1,True,1,Dataset_Shard_0400000_0499999,train
Y1rsLA_zWpw,410,281000,281409,410,0,0,1,1,True,1,Dataset_Shard_0200000_0299999,train
FGjqL-YO8E8,409,137691,138099,409,0,0,1,1,True,1,Dataset_Shard_0100000_0199999,train
E0OylseYSt8,407,129767,130173,407,0,0,1,1,True,1,Dataset_Shard_0100000_0199999,train
4ciVQzZxNkk,403,43512,43914,403,0,0,1,1,True,1,Dataset_Shard_0000000_0099999,train
xVaf2MFNbnY,403,477193,477595,403,0,0,1,1,True,1,Dataset_Shard_0400000_0499999,train
uNQDRZz4TUU,401,455629,456029,401,0,0,1,1,True,1,Dataset_Shard_0400000_0499999,train
2el-ZR4A4D4,398,29121,29518,398,0,0,1,1,True,1,Dataset_Shard_0000000_0099999,train
lFhCwScSprM,398,383244,383641,398,0,0,1,1,True,1,Dataset_Shard_0300000_0399999,test
RUu5-e13gZw,396,238542,238937,396,0,0,1,1,True,1,Dataset_Shard_0200000_0299999,train
4xuwsEvzX1g,394,43915,44308,394,0,0,1,1,True,1,Dataset_Shard_0000000_0099999,train
02MD08BgFZ0,379,7288,7666,379,0,0,1,1,True,1,Dataset_Shard_0000000_0099999,train
46-qefy8Nwc,372,35834,36205,372,0,0,1,1,True,1,Dataset_Shard_0000000_0099999,test
HRJ4OhgNX08,367,148464,148830,367,0,0,1,1,True,1,Dataset_Shard_0100000_0199999,train
erLQ1Ojy-TQ,362,330556,330917,362,0,0,1,1,True,1,Dataset_Shard_0300000_0399999,val
FHQdsG4y6sA,353,138100,138452,353,0,0,1,1,True,1,Dataset_Shard_0100000_0199999,val
1YmFjGfQGnw,342,18743,19084,342,0,0,1,1,True,1,Dataset_Shard_0000000_0099999,train
0NN6ySHCHVA,339,9145,9483,339,0,0,1,1,True,1,Dataset_Shard_0000000_0099999,train
Tn_MfGExzrw,339,256515,256853,339,0,0,1,1,True,1,Dataset_Shard_0200000_0299999,train
3HZMLSYtFEM,332,30826,31157,332,0,0,1,1,True,1,Dataset_Shard_0000000_0099999,val
Aw4Vaqqq_Eg,330,97086,97415,330,0,0,1,1,True,1,Dataset_Shard_0000000_0099999,train
eFquyliJz0U,326,326950,327275,326,0,0,1,1,True,1,Dataset_Shard_0300000_0399999,val
Oh6s2ckLVCc,310,214632,214941,310,0,0,1,1,True,1,Dataset_Shard_0200000_0299999,train
3sty8XW-6FU,307,35060,35366,307,0,0,1,1,True,1,Dataset_Shard_0000000_0099999,train
cQAkgnu0KNE,299,314010,314308,299,0,0,1,1,True,1,Dataset_Shard_0300000_0399999,train
49dGxeU0X5E,295,36206,36500,295,0,0,1,1,True,1,Dataset_Shard_0000000_0099999,train
F3BeAm1eM6Y,288,134263,134550,288,0,0,1,1,True,1,Dataset_Shard_0100000_0199999,test
-tqqp2KwCIQ,284,5024,5307,284,0,0,1,1,True,1,Dataset_Shard_0000000_0099999,train
XRtazMBnC9Y,284,277494,277777,284,0,0,1,1,True,1,Dataset_Shard_0200000_0299999,train
AQ_qy4s9-58,272,94503,94774,272,0,0,1,1,True,1,Dataset_Shard_0000000_0099999,train
LqVVbjKegLM,258,180905,181162,258,0,0,1,1,True,1,Dataset_Shard_0100000_0199999,train
3p5gb_JqO78,242,34818,35059,242,0,0,1,1,True,1,Dataset_Shard_0000000_0099999,train
ZbjWbqnnYyE,227,292117,292343,227,0,0,1,1,True,1,Dataset_Shard_0200000_0299999,train
zHW35Y8ghrY,225,491447,491671,225,0,0,1,1,True,1,Dataset_Shard_0400000_0499999,train
rYzVEZZO83c,211,438733,438943,211,0,0,1,1,True,1,Dataset_Shard_0400000_0499999,train
YufGRlASfNw,210,287013,287222,210,0,0,1,1,True,1,Dataset_Shard_0200000_0299999,val
t_qmGs9IgK4,208,451694,451901,208,0,0,1,1,True,1,Dataset_Shard_0400000_0499999,train
lRBRTysHyrA,187,386386,386572,187,0,0,1,1,True,1,Dataset_Shard_0300000_0399999,train
9MPPZdAWF4U,176,81557,81732,176,0,0,1,1,True,1,Dataset_Shard_0000000_0099999,train
Xr0VL5ak2YA,168,280832,280999,168,0,0,1,1,True,1,Dataset_Shard_0200000_0299999,train
bF1ORN7QtkE,162,302571,302732,162,0,0,1,1,True,1,Dataset_Shard_0300000_0399999,val
Oxh1el_9L68,129,214942,215070,129,0,0,1,1,True,1,Dataset_Shard_0200000_0299999,val
SJcqdf3mIc8,89,244256,244344,89,0,0,1,1,True,1,Dataset_Shard_0200000_0299999,train
CF81s4pzmew,52,106791,106842,52,0,0,1,1,True,1,Dataset_Shard_0100000_0199999,val
